hashtag_id,hashtag
1,#owner
2,#nice
3,#memory
4,#interesting
5,#himself
6,#sister
7,#police
8,#rise
9,#authority
10,#ability
11,#research
12,#organization
13,#feel
14,#top
15,#light
16,#keep
17,#by
18,#then
19,#civil
20,#rise
21,#down
22,#as
23,#specific
24,#song
25,#show
26,#ability
27,#friend
28,#recognize
29,#social
30,#pattern
31,#night
32,#end
33,#current
34,#happy
35,#plant
36,#Mr
37,#indeed
38,#space
39,#drive
40,#program
41,#personal
42,#summer
43,#wear
44,#feeling
45,#move
46,#religious
47,#indeed
48,#later
49,#realize
50,#lose
51,#country
52,#suggest
53,#design
54,#peace
55,#risk
56,#process
57,#hold
58,#probably
59,#writer
60,#business
61,#mind
62,#specific
63,#above
64,#since
65,#others
66,#the
67,#majority
68,#cause
69,#degree
70,#character
71,#sit
72,#respond
73,#news
74,#against
75,#assume
76,#entire
77,#growth
78,#town
79,#really
80,#kitchen
81,#simply
82,#imagine
83,#open
84,#team
85,#base
86,#than
87,#with
88,#country
89,#way
90,#right
91,#keep
92,#want
93,#page
94,#name
95,#model
96,#perform
97,#this
98,#one
99,#represent
100,#wife
