user_id,username,full_name,email,join_date,country
1,achang,Vincent Tucker,nhoward@hotmail.com,2021-09-11,Finland
2,katelynmontgomery,Theodore Mcgrath,corey15@castro-gomez.com,2022-04-02,Mexico
3,hramos,Robert Dunn,cortezraymond@garrett.com,2022-08-02,Saint Lucia
4,jane13,Connie Pratt,udavis@bolton.com,2021-07-28,Mayotte
5,lisa83,Lindsey Matthews,carlsonpaul@hotmail.com,2022-07-28,French Guiana
6,jaimelopez,Mary Alvarez,nancymclean@villanueva.biz,2024-12-21,Falkland Islands (Malvinas)
7,melissajacobson,Tiffany Riley,skeller@yahoo.com,2021-03-18,Greece
8,tuckercrystal,Dana Dennis,nathanjackson@cabrera-garcia.com,2022-05-16,Aruba
9,johnsoncynthia,Laura Myers,johnsonandrew@gmail.com,2021-07-25,Lesotho
10,jessicabrown,Kimberly Oliver,walkerdeborah@yahoo.com,2024-03-21,Cocos (Keeling) Islands
11,gordonbenjamin,William Gonzalez,kmassey@gmail.com,2022-03-29,Seychelles
12,kramereric,Joseph Wilson,alexandermaldonado@hotmail.com,2024-11-02,United States Virgin Islands
13,deborah64,Michael Ellis,joanne84@allen.com,2022-12-17,Peru
14,brittany92,Jasmine Perry,wheelerholly@allen.info,2023-09-25,Russian Federation
15,sjohnson,Patricia Fletcher,sbrown@griffin.net,2020-07-06,Turks and Caicos Islands
16,simpsonlarry,Robert Golden,amymccarty@gmail.com,2021-08-15,American Samoa
17,aherring,Daniel Love,leecharlene@russo.com,2021-05-13,Lebanon
18,bburton,Jesse Sparks,desireeroth@hotmail.com,2023-06-19,Brazil
19,joshuasmith,Michael Grant,mathissusan@hotmail.com,2024-09-19,Rwanda
20,xbowman,Cassandra Bennett,taylorjoseph@yahoo.com,2023-08-20,Saint Barthelemy
21,morganchristine,Christopher Holden,ralph82@yahoo.com,2021-06-27,Lesotho
22,sarahparker,Monica Turner,robert18@yahoo.com,2024-07-17,Guadeloupe
23,david17,Eric Navarro,courtneybennett@miller.com,2021-01-12,Hungary
24,garciaangela,Thomas Kramer,omiller@richards-jackson.com,2023-07-24,Brazil
25,shortmelissa,Joseph Goodwin,crawfordjonathan@williams.com,2021-05-27,Congo
26,igray,Ashley Carlson,annelittle@yahoo.com,2024-12-11,Lithuania
27,martha73,Tara Smith,austin24@hotmail.com,2021-11-02,Tajikistan
28,taguilar,Julie Marsh,perezbilly@blake.com,2021-11-17,South Georgia and the South Sandwich Islands
29,mistymurray,James Moreno,gregorylinda@mooney.com,2022-12-22,Martinique
30,epetersen,Valerie Lawson,sandovalaaron@turner.com,2023-05-05,Bahrain
31,theath,Janet Reyes,johnblair@brown-johnson.biz,2021-09-16,Liechtenstein
32,nunezedward,Mrs. Lisa Hughes,ruizedward@george.com,2021-05-29,Reunion
33,james71,Lisa Mcdonald,montesjennifer@yahoo.com,2021-08-04,United States Minor Outlying Islands
34,vlloyd,Melanie Patrick,caseysean@gibson.com,2020-11-21,United Arab Emirates
35,tuckerrachel,Mary Armstrong,claytonweiss@chan.com,2021-06-23,Cameroon
36,bsnow,Taylor Perry,uayala@moody.biz,2020-10-07,Luxembourg
37,jennifer15,Ian Johnson,alejandromccann@yahoo.com,2021-02-10,Nauru
38,jaredharris,Teresa Martinez,mike09@villarreal.info,2021-06-20,Lesotho
39,jasmine42,Daniel Rogers,sharon85@gmail.com,2021-03-14,Bosnia and Herzegovina
40,eric22,Emily Sanchez,nathan02@smith.biz,2023-01-22,Mayotte
41,jyang,Elizabeth Gomez,ochen@brown.com,2024-04-07,Costa Rica
42,kelly71,Rebecca Hill,lhebert@reynolds-wright.info,2023-05-29,Vietnam
43,michaelwelch,Paul Phillips,tsmith@gmail.com,2023-01-27,Mauritius
44,rogerpotter,Jonathan Woodward,crystal01@yahoo.com,2020-11-08,Afghanistan
45,raymond96,Paul Gomez,johnsonlaura@ferguson-wilson.com,2021-11-26,Bangladesh
46,scallahan,Laura Burton,isosa@figueroa-strong.com,2022-12-31,Kenya
47,ashley22,Bryan Morales,anitaevans@hotmail.com,2024-07-13,Samoa
48,frobinson,Emily Pearson,vevans@williams-howell.com,2023-07-15,Latvia
49,aoneal,Veronica Mcdaniel,csmith@oliver.com,2022-06-10,Cambodia
50,james67,Janet Rivera,sethfletcher@hotmail.com,2023-03-15,Bulgaria
51,reneewallace,Jasmine Roman,lauragonzales@gmail.com,2025-07-02,Russian Federation
52,bullockarthur,Shelby Cox,cherylsalazar@melton.com,2024-01-05,Kuwait
53,welchzachary,Tina Spears,thenry@yahoo.com,2022-05-06,Guadeloupe
54,bobby02,Dylan Smith,mbecker@grant-walker.com,2023-05-26,Netherlands
55,obrienchristopher,Joshua Barry,boydjames@gmail.com,2022-04-18,Trinidad and Tobago
56,jacob34,Nancy Collins,timothy30@yahoo.com,2025-03-16,Barbados
57,murrayjenny,Robert Werner,fwilson@gmail.com,2021-05-08,Sweden
58,robertcalhoun,Billy Simmons,haleyjohn@gmail.com,2021-08-07,Tajikistan
59,sarah56,Steven Bishop,kimberly89@herrera-green.com,2020-08-26,British Indian Ocean Territory (Chagos Archipelago)
60,thompsonrobert,Shawn Osborn,htrevino@brewer-wilson.org,2023-07-26,Denmark
61,jeffrey31,Megan Hall,brandi20@hotmail.com,2024-10-21,Greece
62,brenda02,Brittney Thompson,kathyharrington@hudson-dominguez.com,2022-07-07,Saint Martin
63,lisawolf,Kevin Fuller,foxmichael@parker-benjamin.net,2021-11-24,Panama
64,vlamb,Mr. Ryan Green,lorrainefloyd@yahoo.com,2021-01-05,Cote d'Ivoire
65,edwardsjulie,Scott Barnett,max24@kelly.com,2021-10-18,Guinea
66,henrybryan,Adam Dougherty,nicholsonmichael@hotmail.com,2024-02-09,Burkina Faso
67,shanethomas,Matthew Chandler,qsmith@hotmail.com,2025-01-11,Spain
68,kmalone,Jennifer Myers,christystanley@lyons.com,2022-08-11,Yemen
69,fryepaula,Sara Hoffman,mpennington@oliver.com,2020-11-07,El Salvador
70,linda60,Stacy Crawford,emily73@hotmail.com,2023-07-16,Central African Republic
71,zmorgan,James Collins DVM,mejiaashley@yahoo.com,2020-11-01,Korea
72,zgriffith,Anthony Nelson,erin94@gill.biz,2022-08-23,Cote d'Ivoire
73,knightmark,Tammy Willis,sabrinalam@yahoo.com,2020-08-03,Mozambique
74,cunninghamstephanie,Mario Morris,aarcher@gmail.com,2025-05-07,Aruba
75,amartinez,Karen Arroyo,chadboyle@yahoo.com,2021-12-28,Malta
76,bryanfowler,Teresa Chen,sbaker@gmail.com,2024-02-27,Slovakia (Slovak Republic)
77,sophia88,Wanda Lee,meganbrady@gmail.com,2025-04-21,Hungary
78,steven08,Mallory Lindsey,coxtina@frazier.com,2024-09-27,Andorra
79,ashleyallen,Peter Fisher,juliecole@hotmail.com,2021-05-13,Comoros
80,scottbrown,James Nelson,chelsea14@gmail.com,2024-09-13,Algeria
81,james66,Mark Nunez,kgomez@elliott.com,2020-09-19,Indonesia
82,imccall,Keith Reed,leedaniel@ruiz.com,2023-03-11,India
83,traceyhubbard,Michael Larson,william22@gmail.com,2024-08-08,Romania
84,blairapril,Melissa Terry,melvinwillis@gmail.com,2021-03-13,Moldova
85,lisaharris,Michael King,jlutz@yahoo.com,2025-03-19,Cape Verde
86,chengregory,Stephanie Stewart,deborahbryant@burnett.com,2023-05-08,United States Minor Outlying Islands
87,thomaspeters,Samantha Cooper,pattersonmichael@rogers-gray.com,2021-07-10,Burkina Faso
88,sara22,Stephen Lee,halelaura@gmail.com,2021-12-10,Guinea-Bissau
89,russellscott,Lisa Scott,bgutierrez@yahoo.com,2022-10-04,Comoros
90,gbrown,Gregory Thompson,stephen87@miller-williams.biz,2022-09-28,Antarctica (the territory South of 60 deg S)
91,copelandchristopher,Brett Donaldson,susan06@moore-kelley.com,2021-11-16,China
92,daniellesanchez,Lori Dougherty,pwilliams@hotmail.com,2022-11-27,Greenland
93,tammybell,Jason Cox,acunningham@conrad.biz,2021-12-22,Canada
94,johnsonmarcus,Anthony Frost,emilyjames@barnes.com,2022-08-15,Uzbekistan
95,michaelrobinson,Carlos Knight,reynoldsryan@yahoo.com,2023-10-05,Czech Republic
96,eallen,Kevin Houston,amy99@yahoo.com,2022-07-12,Falkland Islands (Malvinas)
97,carrmichelle,Mark Ferguson,jenniferjohnson@simon-bray.biz,2021-05-27,Rwanda
98,kmunoz,John Moore,mahoneymichael@hotmail.com,2023-07-22,Seychelles
99,wmccoy,Shawn Scott,norman04@hotmail.com,2024-03-06,Antigua and Barbuda
100,uadams,Chad Rodriguez,anthonyray@yahoo.com,2021-02-27,Norway
101,stricklandamy,Caroline Clark,foxlori@yoder-hanson.com,2023-05-13,Poland
102,langrobin,Patricia Green,courtney58@thomas.net,2023-02-09,Dominica
103,ereed,Traci Forbes,dylansilva@bush.com,2024-11-17,Bouvet Island (Bouvetoya)
104,haley92,Ricky Smith,rflores@yahoo.com,2023-08-26,Mozambique
105,elizabeth32,Samantha Miller,careymelissa@ortiz.biz,2022-10-04,Angola
106,samanthajackson,Anthony Brooks,gcook@williams-harvey.com,2024-10-29,Liechtenstein
107,lkennedy,Jackson Turner,ejones@long-benton.net,2021-04-18,Estonia
108,hhall,Ian Davis,brendagonzalez@atkins.org,2024-09-06,Rwanda
109,velazquezanita,Grace Davis,jeremyroberson@hill-smith.com,2024-11-03,Vanuatu
110,christopher49,Patrick Stuart,keithgonzalez@keller-harrington.com,2023-10-13,New Caledonia
111,mariahwilson,Sean Perez,ryan56@hotmail.com,2022-12-02,Tonga
112,castillokelly,Gregory Sanchez,victor16@marshall-murray.org,2022-05-22,Peru
113,fshaw,Joseph Smith,phillip36@gmail.com,2025-05-28,Sierra Leone
114,russelljoseph,Cassandra White,hallbradley@yahoo.com,2025-01-21,Albania
115,darrenjacobs,Christina Figueroa,meyerchristine@jones-thompson.com,2022-06-11,Vanuatu
116,zreyes,Daniel Cherry,anthony55@byrd-davidson.org,2024-11-28,Bermuda
117,sierra14,Charles Barton,qclark@harris-romero.com,2025-04-09,Botswana
118,cmartinez,Jesse Morgan,nicholas98@yahoo.com,2022-07-01,Korea
119,michaelrowe,Jeremy Barron,pwalker@yahoo.com,2024-07-27,Lebanon
120,jeremycampbell,Linda Noble,kevinholmes@martinez.com,2021-11-16,Seychelles
121,mmyers,Corey Myers,jenniferwhite@hotmail.com,2025-06-20,Jordan
122,cynthiawilliamson,Laura Lewis,sanchezrebecca@yahoo.com,2025-03-28,Saint Martin
123,aaronbrown,Shane Bishop,omiddleton@mcclure-morgan.com,2021-11-25,Holy See (Vatican City State)
124,jennifer67,Emily Braun MD,waltonstephanie@sampson-zimmerman.com,2023-08-22,Romania
125,smithjared,Lauren Russo,cynthiayu@hotmail.com,2021-09-02,Malta
126,iparker,Angela Cordova,harrischristina@yahoo.com,2023-03-02,Belize
127,saundersjohn,Alyssa Boyer,stevenrodriguez@yahoo.com,2022-11-18,Turkey
128,patrickreese,Crystal Lawrence,moorecourtney@washington.biz,2023-03-25,Hungary
129,wilsoncatherine,Brandi Thomas,thorntonjohn@nelson.com,2022-02-14,Samoa
130,morganandrea,Jon Johnson,devin19@hotmail.com,2024-01-24,Zimbabwe
131,kingdalton,Zachary Anderson,michaelgrant@robinson.com,2023-11-27,Cook Islands
132,rbailey,Stephanie Dickson,stevenedwards@hill.com,2021-03-21,Panama
133,kyle50,Adrian Pratt,tiffany88@grimes-davis.net,2025-01-13,Switzerland
134,lmartinez,Yesenia Thompson,snunez@johnson.com,2021-02-27,Trinidad and Tobago
135,logan84,Michael Atkinson,carla66@aguilar-king.com,2025-01-16,Liechtenstein
136,berickson,Joseph Hall,fjohnson@yahoo.com,2021-05-07,Sweden
137,rebeccahorne,Paul Fox,vincentadams@ruiz-zuniga.com,2021-11-28,Russian Federation
138,james23,Rachel Lopez,whitemichelle@hotmail.com,2024-01-23,Uzbekistan
139,johncastro,Lauren Jackson,lauren07@brown.biz,2024-10-23,Iceland
140,paulfox,Scott Patel,nixontonya@foster.com,2023-11-19,Eritrea
141,stafforderic,Daniel Williams,steelejohn@strickland.net,2022-12-21,American Samoa
142,michaelhoward,Elizabeth May,andrewroman@gmail.com,2023-11-21,Guadeloupe
143,iturner,Edward Stokes,melissa96@yahoo.com,2025-06-08,Iran
144,emily93,Daniel Robertson,qstark@turner-escobar.net,2020-12-15,Somalia
145,tammyellis,Dakota Garcia,petersenjay@gmail.com,2021-12-27,United States of America
146,chelsea40,Mary Smith,suzanne36@rodgers-garrison.com,2025-06-18,Jersey
147,lyonskayla,Joseph Gomez,lgonzalez@crawford.org,2024-10-23,Ireland
148,rebeccabrown,Amanda Holland,barnesmartin@howe.com,2021-09-08,Germany
149,todd79,Debra Brewer,rachaelhunt@hotmail.com,2023-12-14,Netherlands
150,kfisher,Jennifer Martinez,robersonjulie@phillips-daniel.biz,2022-09-28,Falkland Islands (Malvinas)
151,reidwilliam,Angela Williams,pamelarussell@blackwell-edwards.com,2021-03-27,Reunion
152,vschneider,Mrs. Jennifer Gillespie,georgereginald@simon.net,2020-12-23,Samoa
153,jjohns,Stephanie Newman,raykeith@lewis-cohen.com,2024-12-18,Singapore
154,walterdanielle,Charles Gill,ashleyadam@monroe-rivera.com,2021-03-30,Holy See (Vatican City State)
155,jonrivera,Mr. Bradley Stewart,jdaniels@yahoo.com,2024-12-03,Barbados
156,douglasross,Emily Suarez,austinnewman@beck.com,2025-04-27,Gabon
157,shawna76,Emma Caldwell,jesse80@hotmail.com,2023-10-11,Slovenia
158,matthew80,Billy Rodriguez,amystone@gmail.com,2020-11-08,Mongolia
159,bernard52,John Avila,shepherdkayla@hotmail.com,2024-07-28,Samoa
160,frances20,Karen Barrett,rdominguez@webb.org,2021-12-26,New Caledonia
161,ustewart,Laura Grimes,xmyers@phillips-lewis.com,2025-01-27,Myanmar
162,sheri39,Mark Morris,andrea89@english.info,2022-04-03,Puerto Rico
163,carolinejacobs,Ann Crawford,peter83@anthony-stewart.com,2020-11-17,Congo
164,cassandramartin,Angela Mason,rcervantes@hotmail.com,2023-10-16,Austria
165,staffordmatthew,Derek Cortez,amy67@yahoo.com,2022-05-21,Yemen
166,barberwendy,Anna Fritz,santanajimmy@gmail.com,2021-04-28,Swaziland
167,christopher96,Patricia Johnston,kenneth29@taylor.com,2024-09-24,Solomon Islands
168,dustin94,Chad Bridges,jameschapman@yahoo.com,2025-01-31,Palestinian Territory
169,wgregory,Denise Roach,adamthomas@gmail.com,2025-06-04,Peru
170,barnesdustin,Kathy Herring,cstewart@shepard.com,2022-02-12,Bolivia
171,tracy58,Diane Mitchell,thompsondaniel@hotmail.com,2021-04-27,Malaysia
172,jenniferhardin,Jay Kemp,jocelynbaker@bennett-williams.biz,2023-10-11,Mayotte
173,kelseymarquez,Mary Torres,nclark@yahoo.com,2021-04-04,Bhutan
174,rmartinez,Matthew Johnson,codygray@clay.com,2024-12-25,Congo
175,travislee,Kayla Munoz,qhancock@hotmail.com,2024-07-09,Northern Mariana Islands
176,belltina,Michaela Johnson,rlewis@petersen.com,2024-05-15,Latvia
177,munozmary,Gary Le,mendezmargaret@yahoo.com,2021-04-06,Denmark
178,robertsuarez,Kari Thomas,darrellmorris@hotmail.com,2021-02-25,Guyana
179,jamesphillips,Marilyn Rojas,thomaschris@hotmail.com,2021-10-30,Mali
180,mariaburns,Charles Armstrong,darrylmoore@yahoo.com,2025-01-27,Jamaica
181,maryevans,Bradley Richardson,snyderabigail@valencia.org,2021-03-31,Lao People's Democratic Republic
182,jillian48,Carla Garrett,osantos@smith.org,2021-09-27,Tonga
183,melaniecochran,Cassandra Garcia,cindy94@barnes.info,2021-01-04,Guatemala
184,jonathan66,Victoria Delgado,watkinsdouglas@lewis.com,2024-02-03,Morocco
185,jenniferbaldwin,Virginia Bradshaw,wallacecynthia@gmail.com,2022-09-27,United Kingdom
186,christopher27,Vincent West,kmcdonald@hotmail.com,2024-11-29,Congo
187,maryadams,Michelle Gonzalez,zachary29@yahoo.com,2022-10-17,Zambia
188,heatherclark,Michael Olsen,ncollins@knapp.com,2021-07-26,Egypt
189,kathleen77,Ryan Patterson,gdiaz@gmail.com,2025-04-03,Spain
190,aanderson,Kelly Haynes,philliple@yahoo.com,2020-12-30,Peru
191,carolyn44,Kristin Byrd,aaronmorgan@chavez-gonzalez.com,2025-05-16,Kyrgyz Republic
192,amy76,Aaron Rivera,amy84@garcia.com,2021-01-11,Ecuador
193,suttonsean,David Gallegos,kbush@castro.com,2021-05-14,Georgia
194,mccoypatrick,James Ford,ronalddrake@hotmail.com,2024-02-03,Yemen
195,justinpalmer,Samuel Mclaughlin,joshua22@gmail.com,2024-06-11,Gibraltar
196,watsonchristy,Donna Wright,ldaniel@velasquez.org,2023-05-02,Mexico
197,antoniogutierrez,Troy Alexander,ashleyjones@keller.net,2025-03-23,Iraq
198,jared60,Michelle Cooper,christinadecker@cole-palmer.com,2021-01-21,Argentina
199,reeddawn,Matthew Juarez,todd68@burton.com,2024-08-21,Cape Verde
200,bcraig,Jennifer Calhoun,tkelley@yahoo.com,2025-06-30,Oman
201,michaelcoleman,Emily Maldonado,nicholasweber@gmail.com,2022-01-25,Swaziland
202,xwiley,Tony Johnson,penavanessa@kim.info,2023-02-28,Marshall Islands
203,mooreeric,Mary Wells,kevin09@yahoo.com,2023-05-02,Senegal
204,wjones,Sandra Robinson,amy36@gmail.com,2024-02-13,Armenia
205,nortonchristopher,Eric Smith,nancyparrish@banks-richards.com,2025-04-13,Burkina Faso
206,jonescameron,Audrey Hoover,emiller@hotmail.com,2024-04-20,Macao
207,ambertaylor,Samuel Dixon,crossangela@daniel.com,2025-01-03,United States Virgin Islands
208,anna98,Eric Knight,cassidyhorn@moss-dunlap.net,2023-09-09,Angola
209,smithjonathan,Christine Leach,poolejessica@martinez.com,2021-12-22,United States Virgin Islands
210,lisa53,Mrs. Rebecca Thomas,jake19@hotmail.com,2022-07-30,Guinea
211,rhammond,Wanda Grant,jesse06@nelson.com,2022-10-15,Saint Kitts and Nevis
212,forbesdeborah,Michael Perez,mike81@jimenez.org,2021-02-20,Ireland
213,lisa04,Robert Moore,jyoung@melendez.net,2022-02-14,Korea
214,vwatkins,Hannah Wilson,ecox@bowen.biz,2020-08-20,Papua New Guinea
215,christinasnyder,Candice Shelton,vwilcox@hotmail.com,2022-05-03,El Salvador
216,hayneseric,Elizabeth Hinton,ferrelljohn@scott-orr.biz,2023-03-28,Martinique
217,hhenry,Ethan King,bfranklin@yahoo.com,2024-11-18,Yemen
218,robertsimon,Miranda Sanford,cranejoshua@gmail.com,2020-10-05,Lithuania
219,wvaughan,Kelly Peters,lindafischer@hotmail.com,2023-07-16,Cote d'Ivoire
220,russell31,Larry Fuller,meghan27@yahoo.com,2024-09-09,Guam
221,kimberlyward,Jennifer Nichols,patricia82@brown.com,2020-11-20,Anguilla
222,kruiz,Brenda Owens,christopher52@durham-williams.com,2021-05-14,Niger
223,torreskyle,Catherine Smith,nsullivan@gmail.com,2024-01-24,Timor-Leste
224,sherry67,Brianna Pacheco,josephpacheco@yahoo.com,2023-04-01,Guyana
225,lauren75,Joel Anderson,tylerdavis@hotmail.com,2024-04-17,Saint Lucia
226,grant52,Henry Reeves,graykatherine@cook-gill.com,2022-02-13,Palestinian Territory
227,danielle28,Tyler Miller,williamsjulie@yahoo.com,2024-06-16,Libyan Arab Jamahiriya
228,jasminebrown,Mark Conley,christopher91@castaneda.biz,2021-12-22,Malta
229,wpark,Christopher Stokes,sabrinabryan@gmail.com,2022-04-23,Northern Mariana Islands
230,emma71,Jeff Kramer,ilamb@yahoo.com,2022-01-01,Luxembourg
231,sarahbrown,Jessica Garcia,morrisjames@kelley.org,2024-08-09,United Arab Emirates
232,kim09,Sydney Nelson,scott10@moreno-rice.org,2025-04-19,Mauritius
233,uberg,Gail Murillo,aprilrojas@gmail.com,2024-08-11,Sri Lanka
234,aaronhoffman,Charles Pitts,rebecca31@williams.com,2023-10-08,Pakistan
235,paula36,Linda Walker,arojas@rowe.org,2021-08-11,Venezuela
236,karen47,Jason Rivera,scott85@yahoo.com,2023-05-13,Venezuela
237,wbraun,Michael Lewis,richard22@yahoo.com,2022-02-17,Zambia
238,claudiaschaefer,Timothy Shaw,dorismartinez@hamilton.com,2020-12-22,Malaysia
239,warnervirginia,Miranda Ware,annalucas@garcia-bennett.com,2023-05-14,Montenegro
240,catherinegallagher,Lindsey Davis,curryjacob@hotmail.com,2021-08-14,Christmas Island
241,joshua52,Michael Payne,msmith@graham-wright.com,2024-02-24,Myanmar
242,murphytimothy,David Savage Jr.,tiffanycastro@yahoo.com,2020-07-25,Somalia
243,melissanavarro,Mrs. Natasha Kirk DDS,taylor06@gmail.com,2024-05-21,Sudan
244,andersonlori,Lawrence Burns,lynchrebecca@yahoo.com,2020-09-26,French Southern Territories
245,stephanieaguirre,Jason Sherman,rebeccaunderwood@yahoo.com,2021-08-20,Puerto Rico
246,tonya21,Brian Mendoza,leonnicholas@kelly-king.net,2020-11-02,Georgia
247,ohamilton,Nancy Wells,jason95@yahoo.com,2021-11-23,Christmas Island
248,james15,Brittany Cain,ejohnson@house.com,2021-03-01,Philippines
249,amandarobinson,Victoria Moran,lisamoore@chapman.com,2022-05-01,Martinique
250,snyderandre,Cole Vasquez,bailey91@watson.com,2023-05-10,Palau
251,patricia39,Kenneth Gomez,margaret51@yahoo.com,2025-04-23,Canada
252,benjamin09,Jennifer Reynolds,acarter@gmail.com,2025-05-20,Korea
253,wongalexander,Brandon Long,debrarodriguez@foster.com,2023-09-30,Anguilla
254,crystal83,Robin Carlson,ovasquez@monroe.com,2024-05-28,Saint Lucia
255,ashleylewis,Edward Morris,henryle@yahoo.com,2020-12-24,Western Sahara
256,hsalinas,Vanessa Mathews,laurafloyd@yahoo.com,2023-10-21,Brunei Darussalam
257,sstephenson,Tamara Schneider,williamtucker@daniel.com,2023-02-03,Antarctica (the territory South of 60 deg S)
258,daniel98,Catherine Butler,devin83@wallace.com,2022-08-19,Myanmar
259,james14,Ronald Brown III,justin53@krause.com,2023-09-24,British Virgin Islands
260,elizabeth56,Joseph Williams,kingjenna@hotmail.com,2023-01-25,Saint Pierre and Miquelon
261,roachdaniel,Megan Gomez,mitchellmelanie@blake.com,2025-02-04,Morocco
262,chrisowen,Derrick Murphy,stevenburton@anderson.info,2023-03-23,Swaziland
263,timothy40,Robert Ford,hinesmisty@carter.biz,2025-06-22,French Polynesia
264,knightrichard,Kelly Perez,deniserodriguez@nichols.com,2023-07-24,Libyan Arab Jamahiriya
265,ryanhernandez,Sheryl Bonilla,cookcurtis@obrien-wright.net,2021-05-24,Saint Pierre and Miquelon
266,smills,Katherine Rogers,blakebuckley@hunt-peterson.org,2023-05-29,Eritrea
267,prattshannon,Michael Gonzales,jonathan05@hotmail.com,2023-03-31,Northern Mariana Islands
268,lisacross,Susan Robbins,longcourtney@parker.com,2023-03-09,Anguilla
269,ithomas,Thomas Carter,john91@contreras.com,2020-09-08,Bahrain
270,yhill,Nicholas Chavez,jacksonvictoria@davis.com,2022-06-08,Luxembourg
271,larry58,Matthew Hale,davidlewis@garcia.com,2025-04-09,Bermuda
272,cchavez,Noah Farmer,davidevans@yahoo.com,2023-12-06,Nauru
273,ellisashley,Deborah Bates,ashley48@chavez-garcia.org,2023-02-27,Gibraltar
274,moranmichelle,Rhonda Randall,grantashley@hotmail.com,2020-07-21,Vietnam
275,smithkaitlyn,Maxwell Smith,meredith84@gonzalez-garner.org,2024-04-24,United States of America
276,aparker,Laura Munoz,petersonchristopher@yahoo.com,2024-05-23,Estonia
277,joshua32,Jordan Green,noblewendy@williams.com,2023-07-29,Azerbaijan
278,lsantiago,Sophia Williams,sandy95@gmail.com,2023-06-25,Switzerland
279,stokesmariah,Steven Phillips,ksmith@gmail.com,2023-06-20,Djibouti
280,sawyerbrandon,James Hancock,anthony07@lewis-thompson.com,2023-12-01,Moldova
281,bakerderrick,Jay Guerrero,cookbreanna@yahoo.com,2023-05-10,Djibouti
282,singhjohn,Alicia Roth,warrennatalie@hotmail.com,2021-06-25,Moldova
283,anthonyquinn,Brittany Baldwin,chamilton@yahoo.com,2021-12-22,Argentina
284,stephanie45,Crystal Smith,wendygeorge@martin.com,2025-06-09,Cape Verde
285,tayloramy,Albert Roberts,briannasmith@peterson-downs.com,2023-08-14,Bahrain
286,klopez,Chris Huff,sheilawagner@flores.net,2021-04-30,New Zealand
287,michaelmcdonald,James Ward,jordangibbs@yahoo.com,2024-04-26,Sierra Leone
288,brooksnathaniel,Heather Hernandez,ericstevens@simmons.com,2023-08-15,Burkina Faso
289,alexandertanya,Veronica Randall,colleen36@gmail.com,2022-06-18,Iraq
290,frandall,Vickie Noble,gregory51@dean.com,2021-07-31,Equatorial Guinea
291,finleystephen,Karen Bailey,ashley07@taylor.com,2024-03-08,Saint Martin
292,reneewalker,Jasmine Dalton,rachelprice@booth.info,2021-08-29,Antarctica (the territory South of 60 deg S)
293,bsandoval,Robert Roberts,randy93@yahoo.com,2022-03-25,Puerto Rico
294,tylerdavid,Terry Harmon,hannah61@nelson-hernandez.com,2023-02-15,Bulgaria
295,michaelmarks,Caitlin Garcia,justin04@hotmail.com,2023-09-01,Botswana
296,tgreen,Kelly Green,johnsonjessica@webb.com,2021-07-11,Jamaica
297,fherring,Shelia Harrell,billymartinez@yahoo.com,2020-10-01,Holy See (Vatican City State)
298,zachary96,Susan Rodriguez,marcuspeters@williams.com,2023-07-12,Cote d'Ivoire
299,phudson,Daniel Davis,joe23@graham-mathews.com,2024-12-14,Fiji
300,nespinoza,Ashley Mullins,wendy83@yahoo.com,2025-06-09,Croatia
301,knightdonna,Martin Casey,mark94@allen.org,2021-01-23,Bhutan
302,ucastillo,David Williams,jwoods@coleman.com,2021-05-04,Grenada
303,jennifergarcia,Todd Alvarez,lindacaldwell@hotmail.com,2022-05-01,Syrian Arab Republic
304,qbell,Carlos Carlson,yatescharlotte@yahoo.com,2025-04-28,Falkland Islands (Malvinas)
305,torresmolly,Christine Walker,wardaustin@hotmail.com,2020-09-22,Montenegro
306,currybrian,Elizabeth Rivera,rrodriguez@williams.com,2020-08-18,Turkey
307,flowerskaren,Kevin Jenkins,rodriguezdavid@gmail.com,2025-03-25,Dominican Republic
308,timothyjacobs,Damon Boyd,wigginsdavid@hotmail.com,2024-05-29,Bahrain
309,jeremyhubbard,Jeffrey Chambers,charlotte38@gmail.com,2025-03-18,Qatar
310,fmoore,Rhonda Williams,qaguilar@yahoo.com,2024-02-03,Grenada
311,meganevans,Cynthia Middleton,michellehamilton@yahoo.com,2023-10-01,Gibraltar
312,tonya31,Cory Sanchez,jason73@mills-diaz.com,2025-06-28,Zambia
313,ggonzales,Miss Rhonda Cain,myersjames@hotmail.com,2021-11-23,Solomon Islands
314,perrymason,Nathan Williams,solomonaustin@hotmail.com,2025-04-08,Dominica
315,rachelhardy,Jonathan Peck,danaadams@hotmail.com,2022-02-27,Egypt
316,alexanderlove,Eric Fox,xaguirre@hotmail.com,2021-12-09,Argentina
317,desireesmith,Brandon Boyer,ole@archer-brown.info,2024-08-31,Chad
318,crystaldalton,Kelly Fuller,joshua90@yahoo.com,2022-11-19,Ukraine
319,eatonsusan,Sara Lopez,woodsjohn@gmail.com,2020-10-29,Rwanda
320,melissajordan,Michele Wise,cassie89@brown.org,2023-08-28,Sudan
321,shawn94,Gary Brooks,dayamanda@davis.com,2025-02-04,El Salvador
322,courtney48,Alexandra Brock,hstanley@mckenzie.com,2024-05-21,Taiwan
323,patricklopez,Tina Cooper,donald97@hotmail.com,2023-03-07,United States Minor Outlying Islands
324,annflynn,Amanda Robinson,angelajohnson@gmail.com,2022-12-04,Micronesia
325,josephpalmer,Diane Anderson,marissa74@williams.net,2020-08-07,Puerto Rico
326,ericarichardson,Ralph Hammond,jennifermurphy@hotmail.com,2020-11-13,India
327,mramirez,Nicole Bradley,nmueller@martin-lopez.com,2020-11-18,Belgium
328,randyhenderson,Brianna Roberts,bradleykenneth@yahoo.com,2021-06-21,New Caledonia
329,christopher75,Kevin Norton,tmathews@yahoo.com,2021-05-09,Sierra Leone
330,jonesellen,Curtis Harris,jmcmahon@gmail.com,2024-12-22,Korea
331,heathconnie,Tiffany White,tharvey@yahoo.com,2024-01-31,Austria
332,johncarter,Michael Noble,sjones@owens.org,2021-02-08,Pakistan
333,jason67,Matthew Osborne,caleb93@hotmail.com,2021-08-30,Papua New Guinea
334,diana20,Lauren Saunders,aramirez@hotmail.com,2024-03-17,Guinea
335,samuel00,Randy Pearson,nharrison@adams.com,2024-07-18,Netherlands
336,jonesjohn,Philip Krause,daniellesolomon@smith.com,2021-02-14,Bahamas
337,princedana,Jennifer Hammond,ggreen@hernandez.net,2022-03-21,Tanzania
338,annchoi,Brooke Gomez,robert68@moreno-rodriguez.biz,2021-07-15,Svalbard & Jan Mayen Islands
339,lisaortiz,Krystal Velazquez,karenbrown@gmail.com,2020-09-11,Djibouti
340,daniel14,Anthony Gill,josephwinters@hotmail.com,2021-06-14,Uganda
341,amywood,Debra Diaz,zcarter@ramirez-merritt.com,2024-09-03,Grenada
342,jamescoleman,Angel Thompson,mitchelljanice@brown-howard.info,2025-04-25,Cook Islands
343,cwagner,Stephanie Bell,jennifer99@gmail.com,2024-02-13,Sao Tome and Principe
344,stewartrobert,Samuel Brooks,smann@hotmail.com,2022-02-14,Somalia
345,carlosbennett,Corey Rogers,bullockdale@hotmail.com,2025-03-06,Nicaragua
346,diazfrank,Gerald Michael,ronald27@hotmail.com,2021-09-07,Panama
347,itaylor,Mrs. Barbara Galvan,mark31@lowery.info,2025-03-12,Tunisia
348,allenalvarez,Daniel Herman,nathan44@smith.biz,2021-03-06,Saint Martin
349,sknapp,Jesus Ferrell,brookschristopher@yahoo.com,2020-07-27,Zambia
350,aliciacraig,Ariana Anderson,ashley08@gmail.com,2025-05-21,Cuba
351,brookemurray,Corey Wagner,ygilmore@roberson-walton.info,2023-05-22,New Zealand
352,wolfbarbara,Mary West,roger00@hotmail.com,2023-04-19,Hong Kong
353,lyoung,Mark Gonzalez,heatherfloyd@hotmail.com,2025-01-29,Reunion
354,samueldorsey,Yesenia Scott,jensenmike@hernandez-roman.biz,2025-01-23,Liechtenstein
355,bakermichael,Stephanie Tate,apowers@gmail.com,2024-05-27,Haiti
356,christophersmith,Jennifer Willis,bflores@reid.com,2023-01-29,Venezuela
357,harrisjoe,Tricia Walsh,johnmeyer@gmail.com,2021-08-18,Libyan Arab Jamahiriya
358,smithmegan,Christina Shah,kevin25@rasmussen-phillips.info,2024-08-10,Thailand
359,dthompson,Phillip Pearson,ybrown@yahoo.com,2023-06-06,Nigeria
360,morrismichael,Stephanie Bolton,cindy57@gmail.com,2023-06-17,Philippines
361,abeltran,Jennifer Bell,kim09@duffy-salazar.com,2021-01-05,Gambia
362,cassiehutchinson,Kathy Wilson,lucas07@daniel.org,2023-12-20,El Salvador
363,vnelson,Megan Carter,shellystevenson@holder.com,2022-02-11,Uruguay
364,edward63,Sandra Munoz,toddturner@gmail.com,2021-04-28,Seychelles
365,jeffery05,Jerry Collins,jeffrey85@hotmail.com,2021-06-10,United Kingdom
366,vanessa51,Patricia Thomas,zrose@yahoo.com,2025-01-19,Canada
367,lisajones,Andrew Villanueva,jessica85@garcia.org,2024-07-05,Anguilla
368,amyjenkins,Jeffery Tran,rowlandmichelle@perry-parker.com,2024-09-15,Kyrgyz Republic
369,crystalwoodard,Donna Weaver,conleyjennifer@yahoo.com,2023-06-20,Kuwait
370,amandawilliams,Catherine Serrano,ernestjones@gmail.com,2024-10-09,Poland
371,stevemartinez,Nicole Patterson,huffkrystal@higgins-munoz.net,2021-04-08,Montenegro
372,bmccarty,John Hopkins,austinnathan@hotmail.com,2022-01-21,Somalia
373,elizabeth25,Courtney Poole,sandra97@bryant.org,2023-03-15,Jersey
374,kwoods,Dr. Andrew Abbott,martinjason@rodriguez.net,2020-09-10,Central African Republic
375,amartin,Kayla Perez,rodriguezjames@gmail.com,2021-05-25,Moldova
376,montgomeryalbert,Dawn Ellis,vanessa49@carr.info,2021-12-04,Greenland
377,johnmcgee,Kara Brown,campbellmackenzie@johnson-lewis.com,2021-02-28,Papua New Guinea
378,andrewcole,John Hill,travis59@sandoval.org,2024-07-06,Kazakhstan
379,heatherwest,David Frederick,karen65@hotmail.com,2022-04-12,Ecuador
380,leslieweber,Brandon Owen,mnelson@gonzales.com,2025-07-06,Bermuda
381,heatherroman,Cathy Bush,tara21@hotmail.com,2022-07-31,Uzbekistan
382,kylecasey,Robyn Stephens,jasmine11@gmail.com,2024-10-22,Egypt
383,davidgonzalez,Loretta Garcia,astephens@yahoo.com,2025-05-15,New Caledonia
384,robinfletcher,Tammy Higgins,saraperez@li-hebert.biz,2024-06-16,Armenia
385,james20,William Henry,tblackburn@medina.com,2022-04-06,Kiribati
386,brittany40,Heather Ortega,santananicole@hernandez.com,2023-02-27,Saint Lucia
387,mcleanlorraine,Dr. Lisa Buchanan,cassandra97@gmail.com,2025-01-13,Switzerland
388,zchandler,Logan Allen,george36@gmail.com,2020-10-04,Ethiopia
389,meganhernandez,Dr. Sabrina Scott,salazarkara@hernandez.com,2023-01-14,Palau
390,xshaw,John Adams,barbara94@haynes.net,2022-12-31,Falkland Islands (Malvinas)
391,swashington,Craig Banks,michelle87@alexander.com,2025-02-13,Kenya
392,cody39,Timothy Molina,peckerin@glover.com,2024-10-14,Bhutan
393,webbjennifer,William Collins,christine28@gmail.com,2020-12-06,Korea
394,susanbrandt,Andrew Rodriguez,lreed@yahoo.com,2024-05-25,Brunei Darussalam
395,cmoore,Ronald Gibson,carla40@gmail.com,2024-12-19,French Guiana
396,john71,Katelyn Morris,wesley03@cox.com,2023-05-05,Djibouti
397,james80,Dawn Hughes,smithsarah@perez.com,2025-02-05,Saint Kitts and Nevis
398,briannaweber,Matthew Martin,mooneytyler@yahoo.com,2025-03-25,Turkey
399,erikapineda,Barbara Clark,ericblack@griffin-lee.com,2021-08-29,Kyrgyz Republic
400,khartman,Pamela Price,deborah72@reynolds.org,2020-12-11,Equatorial Guinea
401,barrettbarbara,Marco Mayer,harperpatricia@meyers.com,2020-09-13,Russian Federation
402,melanie16,Gary Harris,mistyramos@edwards-hayes.com,2025-05-09,Bhutan
403,shawn12,Victoria Wright,vvelazquez@gmail.com,2023-08-08,Lithuania
404,rodriguezderek,Stephen Lang,michaelvega@huffman.org,2020-11-24,Tanzania
405,amyhuff,John Harris,opark@gmail.com,2024-11-25,Saint Lucia
406,nmoody,Denise Miller,troywhite@lopez-burgess.com,2020-09-24,Dominica
407,jamesjohnson,John Benjamin,marcus46@gmail.com,2024-09-05,Uruguay
408,brianna61,Barbara Smith DDS,andrewcastro@hotmail.com,2023-02-15,Japan
409,ucarter,Phillip Young,ukramer@gmail.com,2021-03-18,Belarus
410,edwardsashley,Anthony Moon,dianalloyd@hotmail.com,2022-05-04,Swaziland
411,dillonwest,Willie Page,julie65@murphy.com,2020-08-29,South Africa
412,ethomas,Crystal Anderson,wallacejennifer@hotmail.com,2021-10-05,Pakistan
413,mmiller,Wayne Ellis,angela00@yahoo.com,2023-12-05,Puerto Rico
414,jeffreyhall,Sarah Perry,elizabethyang@irwin.com,2025-06-26,Brazil
415,banksjames,George Rose,woodchristopher@hotmail.com,2023-10-25,British Virgin Islands
416,brett04,Andrew Henson,stephanie42@douglas-webster.com,2021-04-22,British Virgin Islands
417,lmoore,Jordan Ryan,espinozastacey@smith.com,2023-04-21,Montenegro
418,milleralexandra,Debbie Coleman,oconnoryolanda@hotmail.com,2023-01-22,Israel
419,troy40,Katherine Anderson,johnwilson@walker.biz,2023-01-07,Spain
420,ekline,Natasha Mcclain,ericasmith@diaz.com,2022-05-12,Antigua and Barbuda
421,iclay,Carl Miller,sarah21@rodriguez.biz,2023-02-08,Antarctica (the territory South of 60 deg S)
422,mgarcia,Katrina Smith,alankim@gilmore-morrison.com,2024-11-08,Nepal
423,gleach,Juan Wells,phillipsdavid@cole-barrera.com,2022-10-22,Turks and Caicos Islands
424,tmccullough,Colleen Daniels,hmyers@cox.com,2020-09-05,Macao
425,smithrichard,Daniel Graham,treynolds@price-franklin.com,2023-10-08,Morocco
426,courtneysmith,Evan Lawson,mdavila@yahoo.com,2021-01-10,Guinea-Bissau
427,qwhitney,Keith Powell,fieldsjustin@hotmail.com,2025-03-19,Senegal
428,pscott,Stephanie Graham,jimenezalexandra@yahoo.com,2022-03-28,American Samoa
429,connor56,Misty Acosta,larrymerritt@gmail.com,2021-05-19,Niger
430,vrodriguez,Gina Schmitt,dylan51@yahoo.com,2023-06-05,Spain
431,dana26,Connie Garcia,igarrett@yahoo.com,2021-09-09,Yemen
432,brandon35,Matthew Wilson,hillshelley@gmail.com,2022-06-14,Grenada
433,rodrigueztracy,Robert Cox,schroederdavid@miller-daniels.com,2024-12-13,Chad
434,pperry,Thomas Ibarra,jonathongarcia@yahoo.com,2023-12-01,Guadeloupe
435,qcross,Ryan Hansen,xlopez@johnson-clarke.com,2024-04-16,France
436,jacqueline52,Alexis Phillips,hramos@lambert-singleton.info,2021-03-18,Argentina
437,bchambers,Carl Rollins,wongvictoria@hotmail.com,2024-01-13,Swaziland
438,tyler75,Ellen Wilson,gwendolynalexander@marshall.com,2021-09-19,Seychelles
439,ranthony,Timothy Rogers,gmyers@moore-davis.com,2023-05-03,Singapore
440,bergdanny,Donald Thompson,jkennedy@adams.org,2021-06-19,French Southern Territories
441,amber64,Jerry Perez,allenandrew@gmail.com,2023-05-13,Jamaica
442,kennethwilliams,Annette Parker,roywang@yahoo.com,2024-01-27,Italy
443,barbara76,Mark Estrada,connorwhite@yahoo.com,2022-11-27,Falkland Islands (Malvinas)
444,stewartadam,Laura Stewart DVM,hsimmons@gmail.com,2022-09-12,Poland
445,jesseedwards,Andrew Williams,hardybrandon@davis-gonzalez.com,2024-02-21,Cayman Islands
446,rachelshaw,Lauren Martin,tamarabrown@hotmail.com,2024-02-23,Mongolia
447,adunlap,Terry Romero,autumnrivas@bender-martin.biz,2023-07-31,Norway
448,salvarado,Jason Butler,rmiller@vargas.com,2024-08-16,Norfolk Island
449,kathleen81,Austin Phillips,julie11@lee.net,2020-10-15,Andorra
450,elizabethmiller,Raymond Garner,clarkstephanie@yahoo.com,2025-05-01,Vietnam
451,savagealexandra,Katie Hutchinson,john14@yahoo.com,2024-10-19,Papua New Guinea
452,mcculloughjeff,Jody Martinez,castroaaron@gmail.com,2025-01-22,Morocco
453,anthony21,Connie Bush,ewatson@ayers-joseph.com,2022-06-28,Latvia
454,kevans,Mikayla Phillips,john33@yahoo.com,2021-09-04,Iraq
455,karen32,Emily Peterson,jacob72@bender.com,2023-08-27,Kuwait
456,iperez,Samantha Olson,georgerichard@wall.org,2023-10-06,Croatia
457,zsmith,Becky Ford,fdickerson@gmail.com,2021-09-01,Puerto Rico
458,stephen01,Michael Oconnor,hahnkendra@wilson.com,2024-07-30,Micronesia
459,okelley,Benjamin Washington,mgonzalez@parker.com,2021-04-16,Libyan Arab Jamahiriya
460,bmyers,Angela Garcia,harrismanuel@brady.net,2025-06-27,Slovakia (Slovak Republic)
461,vmills,Samantha Nguyen,kelli04@keller.biz,2023-06-24,Albania
462,lknight,Oscar Lopez,grace72@nelson.com,2022-05-26,Burundi
463,adamsthomas,Briana Bell,sextonjonathan@herman.info,2022-09-21,Guinea-Bissau
464,burtontamara,James Bennett,aliciatorres@hotmail.com,2024-09-02,Thailand
465,brandonramirez,Tracy Moore,rhonda30@gmail.com,2025-03-12,Faroe Islands
466,sabrinasullivan,Lisa Baker,elliottgabrielle@hotmail.com,2023-04-18,Romania
467,jenniferbrennan,Albert Martin,maurice65@gray.biz,2023-01-01,Svalbard & Jan Mayen Islands
468,deborahgraves,Sarah Peterson,patriciaryan@hotmail.com,2021-03-21,Equatorial Guinea
469,frankadams,Gina David,timothy93@beck-baker.com,2023-06-14,Martinique
470,michelle08,Lisa Finley,stevenlambert@yahoo.com,2022-12-29,Turkey
471,paulrobinson,Matthew Lang,morganjanet@yahoo.com,2021-06-28,Bouvet Island (Bouvetoya)
472,curtislogan,Theresa Richardson,dianecasey@hill.com,2022-11-06,South Africa
473,clarklisa,Rebecca Abbott,garzamadison@matthews.com,2022-04-21,Andorra
474,tnorman,Kelsey Reed,mpaul@hodges-romero.com,2024-09-22,Belarus
475,victorkennedy,Dawn Rodgers,cbaker@burke.com,2023-06-11,Sweden
476,khorn,Stephanie Deleon,woodpamela@rose-morgan.com,2023-04-23,Canada
477,danielchristopher,Jennifer Garcia,marywagner@yahoo.com,2023-07-22,United Arab Emirates
478,annerodriguez,Ernest Walker,ronnieharris@hotmail.com,2025-03-04,Korea
479,toddanderson,Dr. Ian Sutton,frankbush@gray-sanders.net,2023-12-10,Argentina
480,douglas42,Vanessa Murray,madeline93@fowler.net,2024-04-17,Mali
481,sandersnicholas,Justin Horn,ibryant@yahoo.com,2024-08-18,Kenya
482,kathrynfigueroa,Veronica Collier,kristenandrews@gmail.com,2025-06-27,Oman
483,jwalker,Mark White,kelly10@hill-williams.com,2024-07-30,Armenia
484,lcampos,Mary Alvarez,hutchinsoncharles@gmail.com,2022-02-10,Cuba
485,darlene58,Kimberly Perez,duranalexander@morales-brown.com,2021-07-24,Gambia
486,patrickbarnett,Scott Harrison,paigewoodard@galloway.com,2023-04-16,Tanzania
487,fthomas,Elizabeth Gonzalez,kevinkeller@gmail.com,2022-12-31,New Zealand
488,dickersonvanessa,Kayla Cox,robertsonnancy@hotmail.com,2022-11-23,Angola
489,brianjones,Kristen Walter,melvingarrett@hotmail.com,2022-08-09,Nauru
490,kimmatthew,Melissa Ford,ramoserika@jones-crosby.net,2023-11-14,United Kingdom
491,ngarcia,Jason May,stephanie09@gmail.com,2023-07-11,Christmas Island
492,nroberts,Dr. Richard Delgado,troymiles@yahoo.com,2022-10-16,Heard Island and McDonald Islands
493,adrianwright,Wendy Harris,george69@yahoo.com,2024-05-29,Christmas Island
494,jphillips,Haley Lawson,zball@gmail.com,2023-09-22,Vietnam
495,barrymarsh,Steven Waters MD,vmolina@rubio-gill.com,2021-10-14,Saint Martin
496,kendra52,Sabrina Cherry,nicholassavage@gmail.com,2022-09-12,Lao People's Democratic Republic
497,crystal69,Austin Barnes,andrewcarter@yahoo.com,2025-05-19,Namibia
498,rhays,Gregory Lamb,barbara28@gmail.com,2023-02-15,Belize
499,htaylor,Todd Padilla,tamaramoran@harris.com,2020-07-09,Panama
500,michelle13,James Crosby,davidgrant@yahoo.com,2025-04-04,Cote d'Ivoire
501,dianareese,Samantha Martin,john10@phillips-osborne.com,2020-11-09,Italy
502,harveyjames,Brandon Wilcox,ghorton@gmail.com,2022-07-27,Germany
503,simsharry,Michele Warren,ocunningham@moran.info,2021-06-10,Monaco
504,pearsonrobert,Robert Gardner,watsontheresa@howard.com,2025-03-04,Wallis and Futuna
505,ashleystewart,Nicole Brown,smyers@yahoo.com,2024-09-28,Guam
506,crystal27,Glenn Gutierrez,amorse@thompson.com,2025-06-14,Niger
507,lowejeffrey,Angela Ibarra,robertalexander@turner.com,2024-09-15,South Africa
508,smitheric,Amy Fletcher,ryanrobles@williams.com,2022-04-15,Bangladesh
509,amandasmith,Mark Moss,dawsonalexandra@yahoo.com,2020-09-13,Seychelles
510,lbush,Mr. Cory Johnson,shortraymond@yahoo.com,2025-02-24,Saint Vincent and the Grenadines
511,acollins,Susan Warren,uroberson@bell.com,2025-02-12,Liberia
512,jessica97,Heather Schaefer,strongjerry@parker.biz,2024-03-25,Fiji
513,david32,Christine Dickson,qbrown@hotmail.com,2024-07-10,Trinidad and Tobago
514,smithjennifer,Ryan Johnston,rogerkeller@saunders.com,2022-09-20,New Zealand
515,jcarter,Courtney Dawson,marywilliams@dillon.com,2022-05-28,Estonia
516,melissagarner,Michelle Snyder,kellyrobert@brooks.com,2022-11-21,Mauritania
517,melanie59,Nicholas Smith,wkirby@jimenez.com,2021-11-08,Andorra
518,ggarza,Brenda Meadows DVM,steven43@yahoo.com,2021-01-13,Malaysia
519,lauriegeorge,Felicia Mccormick,fwilson@harris-foster.com,2024-03-17,Bahamas
520,zjones,Michael Cherry,uwagner@gregory-sampson.com,2021-08-15,Canada
521,tracyjones,Andrea Johnson,elizabeth50@harrison.org,2022-03-18,Somalia
522,kyle37,Paige Frost,brownmichelle@yahoo.com,2023-03-17,United States Virgin Islands
523,hwilliams,Cody Jones,brianramos@gmail.com,2020-11-18,United Arab Emirates
524,shawnyoung,William Pitts,cholland@hotmail.com,2022-07-21,Egypt
525,adamsnicholas,Christopher Dodson,adam33@yahoo.com,2020-07-27,Benin
526,emorris,Miguel Hayes MD,james98@yahoo.com,2022-08-28,Malawi
527,finleymelissa,Jason Bennett,dawn44@griffin-ortiz.biz,2022-09-02,Turks and Caicos Islands
528,mcculloughrobyn,Kimberly Preston,stewartricardo@hotmail.com,2024-12-25,Rwanda
529,austin50,David Harris,robinsonbrooke@reed.com,2024-01-28,South Georgia and the South Sandwich Islands
530,steeletrevor,Sonia Guzman,brendacook@gmail.com,2022-10-10,Cote d'Ivoire
531,jenniferlawson,Katherine Walker,regina68@yahoo.com,2024-03-21,Yemen
532,justin91,Amber Goodwin,pcooley@hotmail.com,2020-12-31,Honduras
533,sheltonmark,Heidi Rivera,walkersabrina@acosta-campbell.com,2020-08-30,Tonga
534,christopher13,Nicole Ray,travisgutierrez@macias.com,2021-10-26,Tunisia
535,bonddaniel,Sharon Washington,tyler08@lee.com,2021-12-15,Hungary
536,joseph68,Yvonne Cooper,jared65@gmail.com,2020-07-13,Nigeria
537,bbenson,Ryan Carter,ryan41@love.com,2022-04-16,Canada
538,yjones,Barbara White,uclark@edwards.com,2024-03-21,Israel
539,leecharles,Shannon White,sconner@murray.com,2025-06-29,Hungary
540,samanthadavis,Jared Garner,alexis58@knight.biz,2020-10-31,Burundi
541,taylorcharles,Cindy Howell,lisa16@love-curtis.com,2025-05-05,Mayotte
542,steinpamela,Jared Schaefer,jeffreyzuniga@graham.com,2023-11-08,India
543,tonya06,Brian Smith,riverssherry@hart.com,2025-05-20,Australia
544,pharris,April Davis,rebeccagates@morgan.org,2020-08-07,Jordan
545,egray,Gabriel Hernandez,richardspence@manning.com,2025-04-16,Mauritania
546,butlermark,Jennifer Thompson,rhonda55@lee.com,2023-09-14,Botswana
547,lcarrillo,Lori Downs,mcbridebriana@yahoo.com,2023-04-04,Uruguay
548,tina67,Hannah Wright,laurawilliams@hotmail.com,2021-04-24,Holy See (Vatican City State)
549,ashley01,Desiree Gonzales MD,herrerabrooke@hotmail.com,2021-07-13,Bahrain
550,caitlinanderson,Melissa Davis,mariebailey@rice-delgado.com,2022-08-04,Reunion
551,phillipsmichael,Garrett Dunlap,jerry42@nguyen.com,2021-06-04,Luxembourg
552,lisa13,Elizabeth Williams,cameronkyle@stewart.org,2025-01-01,Norway
553,wheelerrobert,Kenneth Garcia,bmerritt@gmail.com,2023-02-09,Kiribati
554,garrett92,Cheryl Martin,pamelarichardson@norton-vasquez.net,2020-11-11,Guam
555,kelly87,Diane Simmons,allendeborah@walker.com,2025-01-10,Czech Republic
556,bakerconnor,Michael Hobbs,smithlacey@gmail.com,2023-07-23,Luxembourg
557,jasonbell,Brittany Crawford,erichill@gmail.com,2021-10-31,Eritrea
558,mccoywilliam,Timothy Allen,daniel49@jones.com,2022-01-31,Bangladesh
559,hamiltonmatthew,Michael Nolan,masseyderek@yahoo.com,2022-02-03,Turks and Caicos Islands
560,bobbytorres,Steven Kim,deandanielle@gmail.com,2022-01-31,Romania
561,cjohnson,Jessica Stevens,rwebb@gmail.com,2024-02-27,Northern Mariana Islands
562,kimberlyholland,Seth Cruz,zlopez@yahoo.com,2020-11-14,Germany
563,kevinberry,Theresa Brown,mario94@robbins-gonzalez.info,2023-04-06,Christmas Island
564,oneilljoseph,Courtney Harrington,fisherstephen@yahoo.com,2024-01-13,Benin
565,clarkadam,Virginia Schultz,patriciajackson@small-hardy.net,2020-11-08,United States of America
566,andrejohnson,Destiny Adams,chrisjohnson@gmail.com,2025-01-31,Mali
567,contrerasjaclyn,Tamara Morris,jwashington@marquez.org,2024-06-13,Dominica
568,stephensamy,Sandra Brown,uclark@gmail.com,2024-03-24,Pitcairn Islands
569,vanessasnyder,Laura Ramirez,jasminelee@gmail.com,2022-01-20,Jersey
570,heatherbrooks,Charles Mahoney,zgarcia@yahoo.com,2021-01-08,Faroe Islands
571,donaldlane,Erica Robinson,richard60@jones.com,2024-09-02,Syrian Arab Republic
572,josephkimberly,Kelly Harrison,melissawhite@clark-porter.biz,2023-01-19,Ukraine
573,drakefrank,Samuel Bright,gberry@savage.com,2023-01-31,Malta
574,jonessamuel,Robin Lee,whiteheadjose@hotmail.com,2022-06-11,Germany
575,mortonsarah,Jason Ayers,ayalaronald@jones.org,2021-01-30,Somalia
576,leeheather,Lauren Lane,tstewart@sandoval-henry.com,2023-09-08,Latvia
577,frymonica,Douglas Thompson,angelicadavis@hotmail.com,2022-02-17,Northern Mariana Islands
578,sethperry,Adam Anderson,paulwilcox@gonzalez.info,2022-03-08,Djibouti
579,turnerkayla,Amy Hill,andrea76@hotmail.com,2022-09-04,Mayotte
580,nicholas19,Sarah Kennedy,michael64@ross.org,2020-12-31,Maldives
581,abigail73,Mackenzie Williams,brandy41@fowler.org,2022-11-09,Belize
582,brian26,George Jones,nicole05@hotmail.com,2021-01-17,Syrian Arab Republic
583,denise95,Brian Wise,meghangriffin@yahoo.com,2025-04-04,Georgia
584,bmullen,John Cameron,marie53@gonzalez.org,2024-01-10,Armenia
585,vrhodes,Roy Webb,townsendanthony@ramirez.com,2025-06-05,Reunion
586,matthewsdebra,Alice Foster,richard56@hotmail.com,2025-06-21,Rwanda
587,stokesjocelyn,Jessica Green,scottallen@west.com,2022-02-02,Guinea-Bissau
588,singhjoel,Noah Castillo,anthony51@archer.biz,2025-06-03,Guernsey
589,carolyn90,Devin Wade,apollard@johnson.com,2024-06-06,Lithuania
590,ayalarichard,Rachael Hayden,virginiawood@gmail.com,2021-01-27,Turkmenistan
591,bhess,Ryan Miller,loneill@rodriguez.info,2021-11-04,Saint Lucia
592,martinezryan,Jacob Crawford,leemolly@ellis.biz,2025-02-09,Burkina Faso
593,crossdonald,Melinda Powell,jenniferharper@ortega.com,2023-04-18,Western Sahara
594,michaelstewart,Kevin Williams,rileysarah@hotmail.com,2023-04-20,Sweden
595,lhernandez,Margaret Bailey,heatherreed@sanchez-silva.com,2023-03-21,Niger
596,chandlersarah,Tanya Hernandez,monicamathis@yahoo.com,2024-07-21,Algeria
597,woodlinda,Maria Allen,lmichael@bradford-campbell.net,2021-08-27,Montserrat
598,agutierrez,Samantha Cameron,bergerluis@perry-mullins.com,2023-12-09,Latvia
599,hwright,Joseph Escobar,tracy99@gmail.com,2020-10-17,New Caledonia
600,longaaron,Brian Hughes,chanalexis@yahoo.com,2025-03-25,Angola
601,wilkinswilliam,Christian Harris,millerolivia@yahoo.com,2021-01-29,Angola
602,wavila,Shaun Delacruz,nancy72@hotmail.com,2020-07-29,Serbia
603,vanessarandolph,Tyler Jones,munozrebecca@hotmail.com,2023-10-14,Romania
604,omargarcia,Austin Flores,maryoliver@gmail.com,2021-04-13,French Polynesia
605,perezryan,Laura Horn,kennedysamantha@gmail.com,2023-09-23,Norway
606,dyang,Sarah Schmitt,qmejia@gmail.com,2024-01-13,Georgia
607,christophergibson,Donna Martin,shernandez@price.com,2024-08-25,Holy See (Vatican City State)
608,smithjacqueline,Scott Phelps,kelsey88@hotmail.com,2021-04-07,Cote d'Ivoire
609,jill15,David Lucas,jacobscameron@gmail.com,2023-02-08,Argentina
610,zjohnson,Kayla Jenkins,mary37@johnson.net,2021-09-04,Micronesia
611,beth32,Bryan Hess,fullerselena@hotmail.com,2023-09-30,Holy See (Vatican City State)
612,garciasamantha,Daniel Oneal,victorweber@adams.net,2025-02-21,Sao Tome and Principe
613,jonathanmendoza,Brenda Whitney,anthonyrivera@hotmail.com,2024-08-07,Uruguay
614,cwhite,Michael Walker,psmith@kennedy.net,2025-02-11,Portugal
615,wbowman,Stephanie Miller,kristinawilson@hotmail.com,2024-06-30,Brunei Darussalam
616,elizabeth98,Amy Caldwell,derrick91@edwards.org,2025-06-08,France
617,garciathomas,Cindy Christensen,mblack@cook.com,2022-10-12,Indonesia
618,fingram,Julian Scott,tanyahernandez@novak-tucker.com,2024-05-18,United States of America
619,kevin07,Stephen Sanchez,jeffbell@dennis.biz,2025-05-29,Greece
620,barbara26,Natasha Valentine,williamsandrew@porter.info,2023-06-05,United States Virgin Islands
621,ryan55,Patricia Jones,adamvelasquez@yahoo.com,2022-12-07,Peru
622,ktaylor,Natasha Romero,paullong@bates-aguilar.biz,2021-06-07,Christmas Island
623,michellegomez,Maria Reeves,patricia68@yahoo.com,2022-09-23,Slovenia
624,diana06,Kevin Norris,soniabrady@anderson-green.net,2024-07-20,Saint Vincent and the Grenadines
625,josephclark,Ivan Maxwell,larry78@pierce-vaughan.com,2021-07-25,Afghanistan
626,melvindavis,Claudia Swanson,fowlerrobert@gmail.com,2023-09-06,Bermuda
627,mterry,James Smith,hermanmark@yahoo.com,2022-03-18,Montenegro
628,tarabrown,Robert Robinson,urogers@gmail.com,2024-09-19,Senegal
629,tiffanywalsh,Dawn Gonzalez,justin68@gmail.com,2024-10-10,Taiwan
630,khall,Cody Hall,hoffmankristin@yahoo.com,2023-04-10,Slovakia (Slovak Republic)
631,jonesjenny,Carol Bates,ivanpatterson@yahoo.com,2023-10-27,Jordan
632,smiller,Brian Gonzales,oshaffer@hotmail.com,2023-04-11,Mexico
633,laurajackson,Aimee Kim,ginacrawford@douglas.org,2025-06-12,Pitcairn Islands
634,pwaters,Patrick Mullins,hodgefrancisco@yahoo.com,2021-09-01,Niger
635,zgibson,Mariah Kennedy,dramirez@murphy.com,2025-05-10,Panama
636,margaret09,Scott Lambert,falexander@yahoo.com,2020-08-16,Lithuania
637,andersondarren,Jennifer Gonzalez,masonkeith@robertson.biz,2021-09-16,United Kingdom
638,pearsondavid,Lauren Yates,maddensamantha@lane.com,2022-02-14,Macedonia
639,patelmadison,Cory Bray,dustin12@wilson-li.com,2020-08-09,Norway
640,hilllydia,Shane Edwards,yuzachary@gmail.com,2025-03-20,Norfolk Island
641,davidcline,Sara Thomas,leejason@gmail.com,2023-10-04,Qatar
642,kenneth30,Stanley Fleming,hdavis@hutchinson.com,2021-07-18,Bhutan
643,janderson,Nicholas Castro,richard53@bailey-jenkins.com,2024-05-23,Spain
644,caroline63,Daniel Gonzalez,pattersonandrea@simon.com,2022-04-19,Comoros
645,christopherhill,Stephanie Ingram,taylorraymond@garcia.com,2021-12-24,Maldives
646,christine24,William Payne,wilsonbrenda@yahoo.com,2021-04-26,Tonga
647,vincent64,James Frye,ztaylor@huffman-hancock.com,2024-12-28,Tokelau
648,monica92,Tom Mcfarland,chambersnicholas@robinson-cole.com,2025-01-12,Cameroon
649,tarabailey,Jon Lee,brandisexton@wong-hernandez.info,2020-10-07,Oman
650,narroyo,Kelly Leon,jacksontimothy@pierce-castillo.org,2020-08-24,Anguilla
651,cathycisneros,Peter Moody,loveluke@hotmail.com,2023-07-22,Guam
652,carolyn78,Michael Johnson,pdavis@hotmail.com,2022-03-09,Bulgaria
653,upayne,Elizabeth Hart,bestjasmine@klein-rogers.info,2021-09-02,Japan
654,maddoxcarlos,Rose Adams,murphydavid@perkins.com,2020-08-23,Brunei Darussalam
655,jacoblopez,Lisa Williams,renee68@vazquez.org,2023-03-18,Malaysia
656,rachael67,Autumn Thompson,sarah43@cole.com,2023-02-16,Comoros
657,wheelerjohn,Clarence Davis,davisjennifer@jones.com,2025-03-05,Guyana
658,millerlaurie,Kimberly Carlson,stevenjones@hotmail.com,2021-03-03,Antarctica (the territory South of 60 deg S)
659,qmathis,Robert Martinez,lowestephanie@gmail.com,2022-02-13,Czech Republic
660,hollandtracy,Curtis Gibson,janetlee@gamble.com,2021-11-08,Lao People's Democratic Republic
661,caldwellamanda,Howard Thomas,victoriagreen@phillips.com,2022-01-15,Andorra
662,hayestrevor,Beth Rivera,christopherlee@hotmail.com,2024-09-14,Barbados
663,dholder,Amanda Foster,sara31@moore.info,2021-07-18,Belarus
664,jtorres,Robert Garza,usimon@hotmail.com,2021-12-26,Russian Federation
665,thomasbrown,Lindsay Cummings,ejones@huff.com,2024-12-24,Djibouti
666,christianortiz,Cassandra Jackson,ryan42@hotmail.com,2025-04-19,Netherlands
667,pdavis,Ryan Stewart,spham@adkins-harrison.com,2022-08-17,Macedonia
668,millerrachel,Michelle Brown,faulknersarah@yahoo.com,2023-11-08,Oman
669,twalker,Brenda Gill,charles21@hotmail.com,2023-08-08,Netherlands Antilles
670,stacygray,Summer Robinson MD,danielrasmussen@daniel.biz,2024-10-20,Azerbaijan
671,calderoncody,Kristy Hess,barryjonathan@yahoo.com,2024-10-31,Ethiopia
672,michaelchase,Andrea Barber,hbowman@perez.info,2024-11-15,Switzerland
673,monica94,Peggy Keller,kimberlycowan@williams-bradley.biz,2021-11-22,Argentina
674,ryanharvey,Kim Wells,douglasmontoya@gmail.com,2022-07-04,South Africa
675,neallevi,Mr. Travis Mason DDS,clarkjason@smith.org,2023-04-20,Malawi
676,tarasmith,Pamela Bush,daniel60@hotmail.com,2023-11-02,Trinidad and Tobago
677,jacksonjerry,James Dickson,michael44@yahoo.com,2021-11-26,Antarctica (the territory South of 60 deg S)
678,longjeffrey,Bryan Diaz,richardsanchez@yahoo.com,2020-11-15,Japan
679,petersonnicole,Amy Watson,jennifer09@smith.com,2023-09-12,India
680,bgarcia,Anna Perez,andrewmejia@yahoo.com,2021-02-25,Monaco
681,justinacosta,Angela Sanchez,cballard@johnson.com,2022-05-01,Trinidad and Tobago
682,duncanashley,Ariel Hamilton,brivera@coleman.net,2020-08-05,Austria
683,hallcrystal,Alan Rodriguez,pmontgomery@hart-simpson.biz,2025-06-10,Paraguay
684,jennifer01,Debra Campbell,tortiz@hobbs.com,2022-01-18,Greenland
685,steven78,Catherine Klein,kenneth39@hotmail.com,2024-08-14,China
686,wharrell,Kaitlyn Sanchez,mkennedy@anderson-russell.com,2024-12-13,Andorra
687,jonathan85,Gary Barber,hollandpatricia@hotmail.com,2023-08-25,Switzerland
688,stewartjessica,Mrs. Mia Barnes MD,elopez@yahoo.com,2023-04-11,Morocco
689,uhaas,Jonathan Gonzalez,adam66@myers.info,2023-04-14,Ethiopia
690,erindunn,Matthew Thompson,theresamcconnell@gmail.com,2023-02-11,Saint Pierre and Miquelon
691,jsummers,Richard Martin,rochamichael@hicks.org,2022-04-03,Jamaica
692,iyoder,Lisa Garcia,bkim@moore-higgins.info,2022-01-06,Brazil
693,samuel69,Charles Nichols,campbellmichelle@gmail.com,2024-11-10,El Salvador
694,briancastaneda,Ann Vargas,poncealexandra@hotmail.com,2021-11-09,Turks and Caicos Islands
695,joelmaddox,David Sanchez,dodsonjohn@yahoo.com,2022-02-05,Iraq
696,charles45,Ann Nguyen,cmcdonald@yahoo.com,2020-12-04,Andorra
697,robertcervantes,David Walton,reedjessica@hotmail.com,2025-01-06,Portugal
698,etaylor,Manuel Burton,vanessabowen@gmail.com,2024-06-13,Lithuania
699,fullerabigail,Michael Bauer,yrichardson@yahoo.com,2024-01-15,Turkmenistan
700,briansmall,Anthony Marquez,gthomas@gmail.com,2023-12-17,Brazil
701,brittany05,Jonathan Schmidt,yoderamber@yahoo.com,2022-11-01,Haiti
702,ukeith,Christopher Bailey,hwilson@hotmail.com,2021-02-15,Tuvalu
703,teresa28,Brittany Perez,blackkevin@sutton.com,2022-06-19,Cayman Islands
704,christopher23,Stephanie Barton,shaun70@gmail.com,2021-03-30,Libyan Arab Jamahiriya
705,elizabeth94,Brandon Diaz,richardreynolds@rogers.com,2022-08-20,Samoa
706,megan56,Taylor King,qfox@yahoo.com,2023-05-23,Italy
707,atkinskristen,Alexis Smith,christinethomas@davis.com,2024-01-04,Netherlands
708,michael77,Nicholas Johnson,masonjeff@rush.biz,2021-10-23,Indonesia
709,eric32,Chloe Howell,hillricky@allen-thomas.com,2023-09-08,Holy See (Vatican City State)
710,joann10,William Jennings,jeffreymiller@hebert-hansen.com,2023-12-24,Seychelles
711,gibbsjason,Charles Rogers,gina75@hotmail.com,2023-05-06,Portugal
712,howeandrea,Cynthia Jackson,williamsashlee@yahoo.com,2024-06-12,Dominica
713,ortizscott,Jason Sharp,pwalker@miller.com,2021-02-08,Saint Lucia
714,millerjack,David Chambers,jennifer49@hotmail.com,2024-09-26,Bouvet Island (Bouvetoya)
715,martinezjohn,Clifford Kennedy,zhudson@james-smith.com,2023-08-14,Micronesia
716,melissa13,Christopher Armstrong,michaelcampbell@miller.info,2024-10-30,San Marino
717,smithkathleen,Theodore Stanton,dominique20@duncan.net,2021-08-12,Norfolk Island
718,felicia00,John Hubbard,jessica21@gmail.com,2024-12-01,Cuba
719,ibarr,Ariana Tanner,aguilareric@mccarthy-walker.org,2023-04-05,Finland
720,lisaprice,Phillip Henry,sandovalchristopher@hendricks.org,2024-06-12,Holy See (Vatican City State)
721,jamie00,Randall Estrada,mark29@gmail.com,2023-05-13,Cuba
722,wfrank,Nicole Reid,aaron06@hotmail.com,2024-11-11,Hungary
723,johnvaughn,Bryan Austin,qmarshall@baker-kim.com,2021-04-19,Trinidad and Tobago
724,bakerroberta,Samuel Montgomery,ann69@gmail.com,2021-01-30,Latvia
725,howelarry,Tristan Carter,kelli33@hotmail.com,2023-12-02,Canada
726,sabrinalevine,Michael Miller,qmiles@williams.com,2021-03-22,Turks and Caicos Islands
727,jonathan97,Lorraine Banks,lecolton@gardner.com,2022-04-17,Seychelles
728,waltersbrandy,Christine Schultz,fperkins@rose-jones.biz,2020-09-17,Trinidad and Tobago
729,stephanieweber,Nicole Johnson,jhenson@yahoo.com,2025-06-22,Canada
730,clarencecraig,Lauren Rivera,hardinashley@yahoo.com,2023-08-06,Andorra
731,davidsmith,Juan Flores,mckinneysteven@atkinson-young.com,2025-02-26,Ecuador
732,matthew35,Mrs. Caroline Grant,ortizanthony@gmail.com,2022-01-28,Marshall Islands
733,barnettdiana,Jill Hoover,barbaramullins@berry-poole.info,2024-12-05,Ecuador
734,qgraham,Monica Hale,juliebowen@yahoo.com,2021-10-17,Armenia
735,johnfisher,Jennifer Valenzuela,lalvarez@hotmail.com,2024-03-03,Turkmenistan
736,cherylthompson,Anthony Adams,carterbrittney@nelson.com,2022-12-30,Peru
737,katieoconnor,Rebecca Elliott,robertsstephanie@gmail.com,2024-06-07,Palau
738,reyeselizabeth,Gary Harrison,danielstevens@lindsey.com,2023-02-22,Malawi
739,rbrown,Sandra Bruce,tbrandt@gmail.com,2025-06-30,Equatorial Guinea
740,michaellane,Melanie Thompson,cassandrachandler@yahoo.com,2023-08-12,Niger
741,julia59,Frank Huang,goodwinphillip@gonzales.net,2024-03-22,Hungary
742,randy95,Alisha Ford,smithkimberly@yahoo.com,2025-05-26,Ghana
743,andrew18,Aaron Hinton,maria88@gmail.com,2022-10-21,Mongolia
744,morantodd,Kimberly Robinson,aferguson@gmail.com,2022-09-29,Sri Lanka
745,hgutierrez,Rachel Torres,stevenolson@clark.com,2020-12-29,Saint Lucia
746,gperez,Christopher Freeman,wilsonsteven@hotmail.com,2024-06-30,Niger
747,hwilliams,Austin Dickerson,kathleenjackson@yahoo.com,2024-03-16,Sri Lanka
748,codyortiz,Rhonda Walters,maryduran@ray.org,2022-02-11,Greece
749,bakerdylan,Melinda Harris,lisa94@silva.biz,2024-01-02,Mauritania
750,lhuang,Diana Garcia,shelly02@sanders.com,2024-01-21,Vanuatu
751,christinewilson,Timothy Rodgers,daniellepadilla@hotmail.com,2023-12-08,Vietnam
752,vpatton,Mario Byrd,petersonjames@yahoo.com,2020-07-23,Timor-Leste
753,maxwell39,Chase Mann,middletontodd@gmail.com,2023-11-25,Tanzania
754,aberg,Patricia Hill,hsingleton@harmon.com,2023-11-16,Haiti
755,mbaldwin,John Bell,benjaminpetersen@yahoo.com,2020-11-08,United States Minor Outlying Islands
756,lcarney,Austin Murphy,sdavis@chavez.com,2020-09-27,Macedonia
757,sshaw,Jorge Duncan,parkbrian@boyd-murray.biz,2023-10-07,Brazil
758,egibson,Rachael Smith,ncharles@hotmail.com,2024-02-25,Bahrain
759,kristin78,Jesse Young,amandahowell@jacobs.com,2024-11-01,Palau
760,gsanchez,Jonathan Tran,melissaellis@yahoo.com,2023-02-28,Palau
761,christopherturner,Deborah Ross,bmorrison@yahoo.com,2025-04-25,Mongolia
762,brewerlauren,Dean Whitehead,jessica81@perez.biz,2022-03-26,Holy See (Vatican City State)
763,xgreen,Katelyn Conrad,carlsonnicholas@yoder.biz,2025-04-17,Andorra
764,matthewbailey,Richard Nelson,krystal95@gmail.com,2020-08-19,Albania
765,stephanie01,Laura Mullen,brittneyfreeman@roberts.com,2022-04-16,Mauritius
766,jerrybrown,Jamie Brown,sstewart@yahoo.com,2024-07-23,Mayotte
767,parkerchristine,Maurice Lozano,richjoyce@murphy-warren.com,2024-07-13,French Guiana
768,bjohnston,Jennifer Valentine,stephanieroberts@hotmail.com,2022-09-03,Comoros
769,showard,Yolanda Hopkins,angelicakelley@hotmail.com,2025-02-05,Ireland
770,mbrown,Jason Wilson,stevefernandez@gmail.com,2025-06-12,Equatorial Guinea
771,wattsjulie,William Cooper,hallricardo@gmail.com,2021-02-04,Guinea-Bissau
772,taylormark,Kristen Miller,chuang@yahoo.com,2025-02-18,Kazakhstan
773,darrensmith,Jennifer Clark,lisa85@hotmail.com,2024-04-11,Malawi
774,brandonvance,Daniel Morris,morrowjennifer@yahoo.com,2023-07-07,El Salvador
775,sean58,Ashley Hoffman,enelson@gmail.com,2022-03-14,Syrian Arab Republic
776,harold84,Cheryl Davis,cbowen@hotmail.com,2023-04-06,China
777,gabriellepearson,Danielle Gutierrez,yolandaking@arnold.com,2020-08-01,Antigua and Barbuda
778,jeffreybrown,John Smith,brenda29@miller.info,2023-08-31,Aruba
779,denise62,Chelsea Barber,bsellers@yahoo.com,2024-12-26,Iceland
780,robert39,Randy Miller,andrew01@gmail.com,2021-05-01,Timor-Leste
781,conniephillips,Daniel Ramsey,solismichael@yahoo.com,2024-06-13,Egypt
782,sharon69,Benjamin Allen,mwilliams@robbins-long.com,2024-12-05,Iraq
783,ashley19,Megan Stout,leonardmarie@jimenez.com,2023-07-22,Aruba
784,david52,Tammy Lewis,wrightjohn@hotmail.com,2024-10-01,Bouvet Island (Bouvetoya)
785,oramirez,Erin Valencia,blankenshipkari@barnes-martin.info,2025-03-17,Bosnia and Herzegovina
786,matthewberg,Wayne Love,jacqueline88@gmail.com,2025-01-02,Martinique
787,derrick53,Madison Curtis,thomasmark@yahoo.com,2025-02-03,Armenia
788,marshalllaura,Heather Gardner,anthony31@hotmail.com,2025-01-12,Panama
789,leesarah,Michelle Thomas,colesandra@yahoo.com,2023-04-11,Zimbabwe
790,jacksonjustin,Danielle Sullivan,samantha70@friedman.com,2021-07-28,Morocco
791,jrichardson,Annette Schneider,kenneth82@yahoo.com,2021-07-09,Isle of Man
792,bowenchristopher,Ashley Warner,cynthiamoyer@evans-parker.com,2024-05-21,Bahamas
793,stephenjohnson,William Wood,erik80@yahoo.com,2023-03-31,Gabon
794,kathleenosborne,Michele Mclaughlin,deborahjohnson@sharp.biz,2020-10-07,Mongolia
795,qjones,Tim Wilson,rbaker@rubio-kerr.info,2022-01-09,Iran
796,lindsayross,Kathy Sanford,cabrerasteven@sanders.com,2023-09-08,Martinique
797,williamlewis,Troy Melton,crystal67@holmes.net,2021-05-06,Trinidad and Tobago
798,npatterson,Jordan Hall,michael15@hotmail.com,2021-08-06,Barbados
799,james06,Hayley Ball,apriladams@gmail.com,2022-07-30,Macedonia
800,fsmith,Colleen Oconnor,garykelly@gmail.com,2023-05-07,Chile
801,wpage,Erik Moore,hannahgoodman@yahoo.com,2022-02-03,Nauru
802,brightbenjamin,Steven Martinez,pperez@hotmail.com,2021-08-16,Yemen
803,elizabetherickson,Amber Frost,fyoung@hotmail.com,2023-06-15,New Zealand
804,john38,Angela Garcia,alexandra67@beck.org,2022-11-13,Saint Barthelemy
805,jhernandez,Lindsey Hutchinson,uwagner@yahoo.com,2025-02-10,Montserrat
806,cvelasquez,Ronald Russell,gonzalezjamie@cervantes.net,2024-06-01,Malawi
807,jack39,Yesenia Byrd,wendyhicks@hotmail.com,2021-04-27,Congo
808,johnny86,Christine Alvarez,nicole26@yahoo.com,2024-01-02,Mayotte
809,ianrandolph,Vanessa Brown,katherine42@summers.com,2021-02-11,Sierra Leone
810,rwalters,Connie Weaver,allenmason@yahoo.com,2021-04-09,Korea
811,emmapalmer,Richard Ryan,matthew51@green.com,2021-11-12,Chile
812,dustinmckenzie,Margaret Santiago,thernandez@yahoo.com,2020-12-03,Grenada
813,harriskatherine,Alyssa Evans,aprilsmith@santos.com,2024-08-24,Nepal
814,donaldphillips,Wanda Davis,rogerschristopher@gmail.com,2023-04-23,French Polynesia
815,michelle22,Deborah West,fordkeith@turner.com,2023-07-27,Guadeloupe
816,kferrell,James Mitchell,bcook@fowler-david.com,2024-06-09,Slovakia (Slovak Republic)
817,lesliebutler,Darren Ruiz,destiny54@rosario.biz,2023-03-02,Cape Verde
818,petersholly,Sharon Smith,kellerrachel@hotmail.com,2022-07-18,Central African Republic
819,wendy95,Linda Smith,caldwellstephen@gmail.com,2025-01-27,Dominican Republic
820,jessicawang,William Rasmussen,thomasgarcia@hotmail.com,2025-05-03,Turkey
821,whitneymichelle,Kimberly Burgess,kathryn85@tran.com,2023-07-05,Lebanon
822,rickjennings,Noah Mercer,ymartin@jenkins.com,2021-10-01,Paraguay
823,jenniferwhite,Amanda Mooney,bill05@lee.info,2024-12-01,Cote d'Ivoire
824,olsenjustin,Brendan Gutierrez,maria20@hotmail.com,2025-06-03,Uganda
825,pittschristina,Jesse Brown,raymond37@gmail.com,2021-05-29,Puerto Rico
826,crystalcampbell,Pamela Morrow,chad39@hotmail.com,2025-05-04,Mauritania
827,vflowers,Devin Long,slong@gmail.com,2023-03-01,Saint Vincent and the Grenadines
828,jasminejohnson,Heather Ali,paulalittle@smith.com,2021-07-14,Bahamas
829,xbaker,Brenda Huang,taylor87@hayes-taylor.com,2022-07-04,Holy See (Vatican City State)
830,davidsonthomas,Jared Wolfe,garciarhonda@bailey.com,2025-03-11,Yemen
831,padams,Lonnie Peck,drakesusan@gmail.com,2024-04-25,Reunion
832,ysims,Brandon Greene,martindaniels@nelson-henry.org,2024-05-01,Mongolia
833,vincentjones,Miguel Olson,clarencebishop@yahoo.com,2021-09-05,Grenada
834,troymorgan,Christy Bryant,sgood@johnson.com,2023-04-13,Panama
835,marybowman,Jonathan Barnes,mollymiller@gmail.com,2023-10-24,Guam
836,mortonsuzanne,Charles Potter,robert38@yahoo.com,2021-06-04,Bermuda
837,darrellsanchez,Sierra Lee,wwhitney@bryant-martin.com,2021-03-25,Nepal
838,david26,Eric Roach,hedwards@roberts.net,2020-08-20,Moldova
839,kelly77,Jonathan Carter,tracy23@cooke.com,2024-04-18,Vanuatu
840,daviddavenport,Susan Perry,pkemp@jackson.com,2021-08-14,Nepal
841,carolhall,Patricia Frederick,pattersonashley@harris-harris.net,2020-09-12,Finland
842,nguyenmichael,Erika Brock,joshua57@hart.com,2023-06-30,Spain
843,brandonperry,Mikayla Elliott,rebecca97@smith.com,2022-07-08,Lithuania
844,williamsnicholas,Jason Bennett,jdickson@noble.com,2024-09-11,Saint Vincent and the Grenadines
845,howardrebecca,Anthony Johnson,hoffmanbeth@powell.org,2022-04-01,Northern Mariana Islands
846,scottbautista,Kelsey Bautista,richardanna@strickland.com,2020-10-17,Russian Federation
847,kellycox,Amy Rogers,williammcdowell@yahoo.com,2022-10-26,Guyana
848,brendamcfarland,Gary Martinez,isaacjohnston@pierce.com,2021-09-07,Monaco
849,jasmine05,Willie Marshall,joannalowery@henderson.com,2021-04-07,Mauritania
850,thomasvega,Clarence Morrison,tyler29@brooks.biz,2025-02-17,Lithuania
851,norrisashley,Margaret Rodriguez,wardtiffany@valencia.com,2025-04-10,Portugal
852,jonathancameron,Daniel Smith,vgates@yahoo.com,2024-01-14,Greece
853,stephanie10,Karen Alexander,brownjonathan@smith.org,2023-02-14,Cyprus
854,barnettkaren,Mariah Dean,danieldavis@holland.com,2024-12-08,Lao People's Democratic Republic
855,ibonilla,Keith Harris,ywilliamson@yahoo.com,2022-08-22,Dominica
856,brewerrichard,Brianna Morgan,clarkstephanie@taylor-newman.com,2021-03-12,Liberia
857,riveratony,Jennifer Rodriguez,bellteresa@reid-fisher.com,2022-10-03,Western Sahara
858,blakenguyen,Gary Morales,michaelshah@shelton.biz,2024-12-07,Mauritius
859,fosterdanielle,Norma Webster,justin76@johnson.com,2022-07-07,Thailand
860,sandra47,Brian Holland,spaul@jackson-hill.com,2024-07-05,Malta
861,annmiller,Ann Johnson,reginaerickson@yahoo.com,2023-01-01,Liechtenstein
862,hansenkathy,Brandon Vasquez,qallen@hotmail.com,2022-07-30,Dominica
863,wbrady,Kelly Vargas,timothycontreras@hotmail.com,2023-05-14,Rwanda
864,dicksondanielle,Paul Villanueva,hbarajas@yahoo.com,2020-08-27,Barbados
865,munozrachel,Mrs. Allison Nash MD,shannoncourtney@yahoo.com,2023-12-31,Eritrea
866,gouldmelissa,Tiffany Fox,iortiz@gmail.com,2023-03-01,Vanuatu
867,mkelly,Matthew Bailey,raymelvin@nichols-gould.net,2023-01-04,Iceland
868,bwest,Michelle Cardenas,pattonbreanna@yahoo.com,2023-02-12,Grenada
869,tbrown,Chris Preston,james39@hotmail.com,2020-11-18,American Samoa
870,amy87,Michelle Peters,raymondbryan@mann-perez.com,2024-10-24,Sao Tome and Principe
871,kendragriffith,John Landry,courtney75@reynolds-sandoval.com,2021-07-29,Portugal
872,hmurphy,Morgan Fitzpatrick,caitlin46@strong.com,2024-01-30,Switzerland
873,jennifer29,Julian Adkins,xstephens@griffin.com,2020-10-01,Italy
874,samuelfarmer,Julia Scott,blanchardtheodore@gallagher-wilkins.com,2021-07-21,Venezuela
875,davidrowland,Brian Powers,rodriguezsarah@lee.org,2025-04-25,Paraguay
876,nlane,Debra Gonzalez,stevenjones@yahoo.com,2023-08-10,Antigua and Barbuda
877,chadrodgers,Brooke Beasley,cohenalexander@gmail.com,2021-04-19,Indonesia
878,taylorerin,David Wilson,natalieperkins@dean-bell.net,2022-05-31,Czech Republic
879,meyersbrittany,Brittney Dean,nathan73@yahoo.com,2023-05-20,Honduras
880,barberjennifer,Julie Harrison,vaughanconnie@mcgee-herrera.org,2020-12-23,Saudi Arabia
881,robert23,Leah Mendoza,kallen@moore-santiago.org,2025-02-05,Lebanon
882,kwilliams,Brianna Knapp,smithnicole@harris.com,2022-11-16,Yemen
883,jquinn,Rose Khan,joshuaenglish@gmail.com,2020-10-27,Indonesia
884,mstevens,Angela Martinez,mdowns@gmail.com,2024-02-15,Micronesia
885,lori98,Bryan Martinez,jonesjimmy@neal.info,2024-08-25,Madagascar
886,gomezmartin,Brandon Walters,nataliephillips@gmail.com,2024-05-07,Bulgaria
887,william29,Patrick Williams,joshua73@holmes-harris.com,2023-09-28,Croatia
888,mdavenport,William Golden,jamie22@yahoo.com,2023-07-21,Botswana
889,michaelbecker,Renee Castaneda,nixonkatrina@yahoo.com,2023-09-23,Colombia
890,raymondscott,Brittany Atkins,thomas92@reilly.com,2021-01-11,Comoros
891,jimenezmegan,Austin Davis,youngmarie@yang.com,2022-06-16,Oman
892,alexanderrasmussen,Justin Jordan,qherring@gmail.com,2023-12-31,Ireland
893,mario56,Zachary Neal,gilbertamy@reid-young.com,2021-02-28,El Salvador
894,james92,Adam Gibbs,garciakevin@gmail.com,2022-02-24,Eritrea
895,jessicawillis,Richard Harris,iruiz@rodriguez-jenkins.com,2021-01-11,Slovakia (Slovak Republic)
896,patricianguyen,Donna Browning,smithjessica@gmail.com,2022-07-10,Heard Island and McDonald Islands
897,john27,Aaron Grant,lutzmegan@hotmail.com,2021-09-07,Taiwan
898,fritzdeborah,Jennifer Sullivan,christopher46@little.org,2021-12-04,El Salvador
899,jennifer64,Glen Lopez,pmcbride@hotmail.com,2022-12-13,Bahrain
900,stewartholly,Crystal Johnson,patricia87@gmail.com,2023-06-10,Benin
901,daniel94,Ronald Lawson,cmoore@jackson.com,2021-12-31,Iraq
902,cunninghamrenee,Tammy Graves,xcruz@maldonado.com,2021-05-21,Cote d'Ivoire
903,vwilson,Charles Harris,wlamb@matthews.com,2023-06-08,Saint Vincent and the Grenadines
904,tannerkristina,Nicole Nelson,kennethcarney@hotmail.com,2020-09-21,Anguilla
905,robert90,Tara Robinson,raydustin@hotmail.com,2021-12-08,Guatemala
906,andrewbishop,Rachel Foley,parkeremily@hotmail.com,2024-08-26,Antarctica (the territory South of 60 deg S)
907,annette14,William Krueger,schultzedward@adams-leon.com,2023-04-24,Liechtenstein
908,william37,Richard Morrison,brownnicolas@burton.biz,2024-09-09,Denmark
909,chandlerrandall,Sandra Lane,valeriefletcher@gmail.com,2021-03-25,Ghana
910,qwilliams,James Alvarez,ithomas@gmail.com,2022-01-16,Turkmenistan
911,heather26,Paul Carpenter,duncanbrianna@herrera.com,2020-09-17,Sweden
912,zcooke,Kim Matthews,fjones@yahoo.com,2024-06-25,Iraq
913,moniqueparks,Devin Anthony,briancollins@yahoo.com,2023-05-26,Uzbekistan
914,tiffanythomas,Kristy Fisher,clopez@page-johnson.com,2020-08-10,Lao People's Democratic Republic
915,mcguiremichael,Carlos Fischer,nelsonjoseph@hotmail.com,2023-10-01,Kazakhstan
916,markthomas,Leslie Torres PhD,rick05@murray.info,2021-07-27,Mexico
917,rhonda32,Gina Williams,vazquezadam@hotmail.com,2022-03-17,Cook Islands
918,martinezchristopher,Kenneth Kennedy,ystafford@miller-hall.info,2020-11-22,Nigeria
919,tmurphy,Kathryn Mcclure DVM,nmendoza@hotmail.com,2022-04-28,Saint Kitts and Nevis
920,evansbill,Frances Henry,cynthiaflynn@williams.com,2024-10-25,Comoros
921,jenniferrichard,Kenneth Wilcox,ericmason@price.net,2023-01-18,Uzbekistan
922,brucewashington,Michael Barnes,janice83@davis.com,2024-01-04,Vietnam
923,cody00,Sara Green,curtis34@yahoo.com,2025-05-05,Oman
924,myersalicia,Miguel Barrett,brianfarrell@morgan.com,2020-12-25,Uganda
925,jjones,Jeffrey Atkinson,mark68@hotmail.com,2022-05-04,Puerto Rico
926,elizabethzuniga,Joy Mcdonald,morgan02@gmail.com,2021-09-18,Malaysia
927,paynesamuel,Jason Cherry,luis27@campbell.com,2021-07-01,Antigua and Barbuda
928,jonathanyang,Timothy Johnson,wolfebrad@williams-christensen.com,2023-10-22,Australia
929,ashleyjames,Angela Baker,lauriekirby@yahoo.com,2024-08-21,Paraguay
930,zwilson,Keith Bauer,cynthia07@stone.com,2021-01-04,Senegal
931,christopher48,Nicole Waters,santanajulie@washington.com,2022-04-22,Seychelles
932,millerjeanne,Jacob Carter,fwhite@lee.com,2024-10-06,Peru
933,pdavis,Matthew Baker,kennethmason@ferrell.net,2021-07-20,Russian Federation
934,tonya22,Joseph Fisher,kristylopez@parker.com,2020-08-10,Czech Republic
935,andreajones,Karen Mills,elliottronald@white.biz,2025-03-21,Solomon Islands
936,alanduncan,Ronnie Macias,lopezvalerie@gmail.com,2023-03-09,Belize
937,morrismichael,Austin May,pzimmerman@thompson-reed.net,2025-05-23,Montenegro
938,williamwright,Roy Yates,ztaylor@lamb-riley.net,2021-02-09,Madagascar
939,joshua27,Patrick Smith,cunninghamjason@kaiser.com,2022-06-17,Aruba
940,cbowman,Nicole Ramirez,shirleyvazquez@johnson-cox.net,2024-08-27,Slovakia (Slovak Republic)
941,sramirez,Chris Welch,robin67@hotmail.com,2024-09-03,Congo
942,patrick95,Melanie Hunt,gsimmons@carter.com,2023-02-10,Congo
943,matthew43,Tracie Sutton,tfitzpatrick@davis.com,2022-05-24,Guyana
944,elevine,Kevin Martinez,megan67@mckinney-harris.com,2020-12-09,Sri Lanka
945,brianna07,Lisa Franklin,jeffreycopeland@yahoo.com,2025-03-31,Cocos (Keeling) Islands
946,harrellmark,Janet Chapman,anthony11@yahoo.com,2022-11-04,Congo
947,jstark,Mr. Joseph Harris,stephenmclean@walker.com,2023-04-20,Falkland Islands (Malvinas)
948,dmorris,Ann Barajas,orusso@martin.com,2022-06-05,Colombia
949,odavis,Donald Rose,whitewendy@brown.biz,2024-09-04,Fiji
950,patriciacardenas,Jeffrey Boyer,angelica98@bowman.com,2024-03-25,Guinea
951,lkim,Megan Spencer,christina60@hotmail.com,2020-08-26,Estonia
952,gregory49,Jody Lawson,angela69@yahoo.com,2021-03-21,Sierra Leone
953,janetfletcher,Monica Fox,cameronsimpson@hotmail.com,2023-01-03,Central African Republic
954,simpsonrenee,Brittany Evans,zwood@romero-williams.com,2021-07-11,Colombia
955,kaylee40,Jason Brown,james34@gmail.com,2021-02-19,Heard Island and McDonald Islands
956,wrice,Matthew Smith,coltonjohnson@yahoo.com,2024-12-28,Panama
957,courtneyhiggins,Eric Reid,rachelhill@hotmail.com,2024-12-20,Cambodia
958,bphillips,David Garza,cruzmichael@yahoo.com,2025-03-29,Croatia
959,eric73,Sandra Farrell,pvillegas@yahoo.com,2022-12-02,China
960,mooreashley,Gail Carlson,rachel79@mccoy.com,2025-02-07,Madagascar
961,rodneydickson,Shawn Buck,lee49@stein-kelley.org,2022-07-06,Seychelles
962,istewart,Mrs. Anna Church,bushrobert@walton.info,2023-02-13,Cocos (Keeling) Islands
963,owensrobert,Glenn Garrett,fmontoya@gmail.com,2021-08-30,Sweden
964,graykristina,Jonathan Benitez,kmorton@yahoo.com,2023-07-09,Malawi
965,phillipstanley,Randall Stewart,youngchad@potter-ramirez.com,2025-04-20,Congo
966,mjones,Kimberly Lee,fitzpatrickkathryn@foster.com,2021-11-14,Belize
967,cathy70,Stephanie Martin,kevindavis@jackson-bell.com,2025-05-12,San Marino
968,vbarrett,Annette Bennett,rosealyssa@mack.org,2022-10-26,Malawi
969,jacobsonderek,Sarah Ramos,karl00@hall.com,2024-02-28,Bahamas
970,daniel45,Alex Scott,matthew92@gmail.com,2022-11-21,Germany
971,robertstewart,Sarah Hernandez,jennifermyers@gmail.com,2021-12-13,Greenland
972,fray,Cynthia Estrada,alexanderboyd@hotmail.com,2025-05-16,Malawi
973,smithmark,Leah Schaefer,hharmon@cook.net,2020-12-29,Saint Barthelemy
974,yangbryan,Caitlin Soto,hutchinsonanthony@riddle.org,2022-03-22,Nicaragua
975,martinezchristopher,Sharon Ortiz,williehines@jones.net,2023-06-25,Niue
976,jessicabenson,Tony Dodson,ystevens@gmail.com,2021-03-21,Burundi
977,youngalyssa,Ashley Barnes,thomas67@terry.biz,2024-05-13,Sweden
978,kevindelgado,Isabella Myers,flynnjessica@williamson.com,2022-12-09,Wallis and Futuna
979,phillipsjeffrey,Harold Marshall,sjackson@bryant.net,2021-06-16,Falkland Islands (Malvinas)
980,kimberlycobb,David Ho,phillipsanthony@hotmail.com,2020-10-05,Saint Pierre and Miquelon
981,orogers,Adrian Brown,matthew58@stevenson.com,2023-10-28,Uruguay
982,michaelarnold,Paula Schmidt,holly15@fox-mccarthy.info,2022-07-06,Guam
983,robertsingh,Donald Bruce,crystal89@hotmail.com,2022-07-10,United Kingdom
984,kimstephen,David Smith,susanholland@gmail.com,2024-01-30,Germany
985,cameronjimenez,Jennifer Williams,adamtorres@gmail.com,2023-01-27,Saint Helena
986,jenniferhobbs,John Bell,timothysmith@smith.com,2025-07-03,Palestinian Territory
987,efleming,James Stewart,russellruben@hicks.com,2021-10-12,Mauritania
988,rallen,Kurt Cook,markjimenez@gmail.com,2025-02-28,Armenia
989,jennifer89,Jeremiah Castro,gregory16@graham-grimes.com,2021-09-01,Slovakia (Slovak Republic)
990,danieljames,Christopher Salazar,sandraharris@gmail.com,2021-02-12,Jersey
991,lunakimberly,Devin Daugherty,jennifer66@hotmail.com,2024-04-30,Bermuda
992,rodgersjose,Monica Smith,jennifergilbert@hotmail.com,2022-07-16,Paraguay
993,kyle73,Angela Williams,gonzalezrobert@miller.com,2021-09-26,Bulgaria
994,jacqueline91,Erin Daniel,jonesmelissa@gmail.com,2022-08-07,Solomon Islands
995,sthomas,Zachary Miller,russellmelanie@hotmail.com,2022-01-21,Denmark
996,bobby18,Gerald Murphy,jasonweaver@shaw-frazier.com,2023-08-31,Algeria
997,qtran,Nicole Mccarthy,esmith@yahoo.com,2021-12-12,American Samoa
998,stephen84,Keith Espinoza,nathanjones@frank.com,2021-06-05,Spain
999,francisco27,Lori Hernandez,marie76@hotmail.com,2022-01-06,Italy
1000,fhickman,Joshua Thompson,pwilkins@wells-jackson.com,2023-05-15,Croatia
